#!/usr/bin/python
To use, please type in:
    python concatenate.py
The script will only look at files that are within
folders that are one level below the directory supplied
to the script. For example, if no argument is given to
the script, script will parse all folders within the 
current working directory as such:
    ./output_folder1/output_file1
    ./output_folder1/output_file2
    ./output_folder2/output_file1
    ./output_folder2/output_file2
    ./output_folder_n/output_file_n
import pandas as pd
import sys
import re
import os
    combineFiles(getUserInputFile())
    # add headers, indicies, remove tuple parentheses
    df = pd.read_csv('./combinedFile.csv', delimiter=',', quotechar='"')
    headerLabels = ['url','iphone','samsunggalaxy','sonyxperia','nokialumina','htcphone','ios','googleandroid','iphonecampos','samsungcampos','sonycampos','nokiacampos','htccampos','iphonecamneg','samsungcamneg','sonycamneg','nokiacamneg','htccamneg','iphonecamunc','samsungcamunc','sonycamunc','nokiacamunc','htccamunc','iphonedispos','samsungdispos','sonydispos','nokiadispos','htcdispos','iphonedisneg','samsungdisneg','sonydisneg','nokiadisneg','htcdisneg','iphonedisunc','samsungdisunc','sonydisunc','nokiadisunc','htcdisunc','iphoneperpos','samsungperpos','sonyperpos','nokiaperpos','htcperpos','iphoneperneg','samsungperneg','sonyperneg','nokiaperneg','htcperneg','iphoneperunc','samsungperunc','sonyperunc','nokiaperunc','htcperunc','iosperpos','googleperpos','iosperneg','googleperneg','iosperunc','googleperunc']
    df.columns = headerLabels
    # output factor and url files
    df.to_csv('concatenated_websites.csv', columns=headerLabels[:1], quotechar='"', sep=',',header=True)
    df.to_csv('concatenated_factors.csv', columns=headerLabels[1:], quotechar='"', sep=',',header=True)
    # cleanup
    print "Sucessfully processed " + str(fileCount) + " files"
    sys.exit()
def getUserInputFile():
    file = raw_input("Enter input file path (blank for current directory): ")
    return file
    outfile = open('combinedFile.csv', 'w+')
    global fileCount
    fileCount = 0
    httpRe = re.compile(r'.*?[http]')
        # For each sub folder
            subdirpath = os.path.join(dirname, subdirname)
            for fileName in os.listdir(subdirpath):
                fileCount += 1
                print "Processing " + fileName + "..."
                with open(subdirpath + "/" + fileName) as infile:
                        # make sure we're reading reducer output files
                        if len(httpRe.findall(line)) > 0:
                            outfile.write(line)
        return None
#!/usr/bin/python
import sys
import re
	# Define regex patterns
	#httpNewPage = re.compile(r"^http://.*?(\s|\n)")
	httpNewPage = re.compile(r"^WARC-Target-URI: (https?://.*?(\s|\n))")
	iphoneRe = re.compile(r" iphone.*?(review|critique|look\sat|in\sdepth|analysis|evaluat|assess)", re.IGNORECASE)
	samsungRe = re.compile(r" samsung.*?galaxy.*?(review|critique|look\sat|in\sdepth|analysis|evaluat|assess)", re.IGNORECASE)
	sonyRe = re.compile(r" sony.*?xperia.*?(review|critique|look\sat|in\sdepth|analysis|evaluat|assess)", re.IGNORECASE)
	nokiaRe = re.compile(r" nokia.*?lumina.*?(review|critique|look\sat|in\sdepth|analysis|evaluat|assess)", re.IGNORECASE)
	htcRe = re.compile(r" htc.*?phone.*?(review|critique|look\sat|in\sdepth|analysis|evaluat|assess)", re.IGNORECASE)
	iosRe = re.compile(r"\sios.*?(review|critique|look\sat|in\sdepth|analysis|evaluat|assess)", re.IGNORECASE)
	googleRe = re.compile(r" google.*?android.*?(review|critique|look\sat|in\sdepth|analysis|evaluat|assess)", re.IGNORECASE)
	# For Sentiment
	# Create regex string variables
	separator = ".*?"
	rePositive = "(awesome|beneficial|better|breatkthrough|brilliant|collaborat|delight|dependab|easy|effective|efficient|enhance|enjoy|excellent|exceptional|good|great|surpass|happy|highest|ideal|impress|improved|incredible|innovative|nice|outperform|outstanding|perfect|pleased|positive|reliable|smooth|stable|superior|unmatched|unparalleled|unsurpassed|valuable|versatile)"
	reNegative = "(aggravat|annoy|aweful|bad|broke|complicat|confus|corrupt|cumbersome|defect|deficien|difficult|disappoint|dispprov|drawback|erratic|error|fatal|flaw|frustrat|inadequate|inconsistent|incorrect|inefficient|inferior|insecure|insufficient|malfunction|mistak|overload|problem|slow|terrible|trouble|ugly|unacceptab|unreliable|unstable|vulnerabl|weak)"
	reUncertain = "(ambiguous|anomaly|anticipate|appear|arbitrary|confusing|deviat|differ|fluctuat|hidden|imprecise|indefinite|instabilit|might|occasionally|perhaps|possibl|predict|random|reassess|reconsider|rumors|seldom|sometimes|conditional|sporadic|tentative|uncertain|undecided|unexpected|unfamiliar|unforseen|unknown|unplanned|unpredictable|unprov|unusual|variable|varies|vary)"
	reCamera = "(camera|isight)"
	reDisplay = "(screen|display)"
	rePerformance = "(performance|storage|speed|processor)"
	reOSPerformance = "(performance|speed)"
	camPosRe = re.compile(r"(" + reCamera + separator + rePositive + ")|(" + rePositive + separator + reCamera + ")")
	camNegRe = re.compile(r"(" + reCamera + separator + reNegative + ")|(" + reNegative + separator + reCamera + ")")
	camUncRe = re.compile(r"(" + reCamera + separator + reUncertain + ")|(" + reUncertain + separator + reCamera + ")")
	disPosRe = re.compile(r"(" + reDisplay + separator + rePositive + ")|(" + rePositive + separator + reDisplay + ")")
	disNegRe = re.compile(r"(" + reDisplay + separator + reNegative + ")|(" + reNegative + separator + reDisplay + ")")
	disUncRe = re.compile(r"(" + reDisplay + separator + reUncertain + ")|(" + reUncertain + separator + reDisplay + ")")
	perPosRe = re.compile(r"(" + rePerformance + separator + rePositive + ")|(" + rePositive + separator + rePerformance + ")")
	perNegRe = re.compile(r"(" + rePerformance + separator + reNegative + ")|(" + reNegative + separator + rePerformance + ")")
	perUncRe = re.compile(r"(" + rePerformance + separator + reUncertain + ")|(" + reUncertain + separator + rePerformance + ")")
	OSPerPosRe = re.compile(r"(" + reOSPerformance + separator + rePositive + ")|(" + rePositive + separator + reOSPerformance + ")")
	OSPerNegRe = re.compile(r"(" + reOSPerformance + separator + reNegative + ")|(" + reNegative + separator + reOSPerformance + ")")
	OSPerUncRe = re.compile(r"(" + reOSPerformance + separator + reUncertain + ")|(" + reUncertain + separator + reOSPerformance + ")")
	# Initialize the current url and pageBody variables
	currentUrl = ""
	pageBody = ""
	brokenLineCounter = 0
	# For each line in the stream
	while True:
		try:
			line = sys.stdin.readline()
		except EOFError:
			print brokenLineCounter
		except Exception as e:
			print >>sys.stderr, "error({0})".format(e)
			continue
		if not line:
		# Check to see if the current line is a page header
		pageHeaderMatch = httpNewPage.search(line)
		# If it's a page header
		if(pageHeaderMatch):
			#print('Its a header match')
			iphoneCount = 0
			samsungCount = 0
			sonyCount = 0
			nokiaCount = 0
			htcCount = 0
			iosCount = 0
			googleCount = 0
			# Look for product matches
			for hit in iphoneRe.findall(pageBody, re.I):
				print currentUrl + ",1,0,0,0,0,0,0" + \
					blankSection(9) + \
				iphoneCount += 1
			for hit in samsungRe.findall(pageBody, re.I):
				print currentUrl + ",0,1,0,0,0,0,0" + \
					blankSection(9) + \
				samsungCount += 1
			for hit in sonyRe.findall(pageBody, re.I):
				print currentUrl + ",0,0,1,0,0,0,0" + \
					blankSection(9) + \
				sonyCount += 1
			for hit in nokiaRe.findall(pageBody, re.I):
				print currentUrl + ",0,0,0,1,0,0,0" + \
					blankSection(9) + \
				nokiaCount += 1
			for hit in htcRe.findall(pageBody, re.I):
				print currentUrl + ",0,0,0,0,1,0,0" + \
					blankSection(9) + \
				htcCount += 1
			for hit in iosRe.findall(pageBody, re.I):
				print currentUrl + ",0,0,0,0,0,1,0" + \
					blankSection(9) + \
				iosCount += 1
			for hit in googleRe.findall(pageBody, re.I):
				print currentUrl + ",0,0,0,0,0,0,1" + \
					blankSection(9) + \
				googleCount += 1
			# If there were any topic matches found
			if((iphoneCount+samsungCount+sonyCount+nokiaCount+htcCount+iosCount+googleCount) > 0):
				# Look for sentiment matches
				for hit in camPosRe.findall(pageBody, re.I):
					print currentUrl + blankMain() + "," + \
						("1," if iphoneCount>0 else "0,") + \
						("1," if samsungCount>0 else "0,") + \
						("1," if sonyCount>0 else "0,") + \
						("1," if nokiaCount>0 else "0,") + \
						("1" if htcCount>0 else "0") + \
						blankSection(8) + \
				for hit in camNegRe.findall(pageBody, re.I):
					print currentUrl + blankMain() + \
						blankSection(1) + "," + \
						("1," if iphoneCount>0 else "0,") + \
						("1," if samsungCount>0 else "0,") + \
						("1," if sonyCount>0 else "0,") + \
						("1," if nokiaCount>0 else "0,") + \
						("1" if htcCount>0 else "0") + \
						blankSection(7) + \
				for hit in camUncRe.findall(pageBody, re.I):
					print currentUrl + blankMain() + \
						blankSection(2) + "," + \
						("1," if iphoneCount>0 else "0,") + \
						("1," if samsungCount>0 else "0,") + \
						("1," if sonyCount>0 else "0,") + \
						("1," if nokiaCount>0 else "0,") + \
						("1" if htcCount>0 else "0") + \
						blankSection(6) + \
				for hit in disPosRe.findall(pageBody, re.I):
					print currentUrl + blankMain() + \
						blankSection(3) + "," + \
						("1," if iphoneCount>0 else "0,") + \
						("1," if samsungCount>0 else "0,") + \
						("1," if sonyCount>0 else "0,") + \
						("1," if nokiaCount>0 else "0,") + \
						("1" if htcCount>0 else "0") + \
						blankSection(5) + \
				for hit in disNegRe.findall(pageBody, re.I):
					print currentUrl + blankMain() + \
						blankSection(4) + "," + \
						("1," if iphoneCount>0 else "0,") + \
						("1," if samsungCount>0 else "0,") + \
						("1," if sonyCount>0 else "0,") + \
						("1," if nokiaCount>0 else "0,") + \
						("1" if htcCount>0 else "0") + \
						blankSection(4) + \
				for hit in disUncRe.findall(pageBody, re.I):
					print currentUrl + blankMain() + \
						blankSection(5) + "," + \
						("1," if iphoneCount>0 else "0,") + \
						("1," if samsungCount>0 else "0,") + \
						("1," if sonyCount>0 else "0,") + \
						("1," if nokiaCount>0 else "0,") + \
						("1" if htcCount>0 else "0") + \
						blankSection(3) + \
				for hit in perPosRe.findall(pageBody, re.I):
					print currentUrl + blankMain() + \
						blankSection(6) + "," + \
						("1," if iphoneCount>0 else "0,") + \
						("1," if samsungCount>0 else "0,") + \
						("1," if sonyCount>0 else "0,") + \
						("1," if nokiaCount>0 else "0,") + \
						("1" if htcCount>0 else "0") + \
						blankSection(2) + \
				for hit in perNegRe.findall(pageBody, re.I):
					print currentUrl + blankMain() + \
						blankSection(7) + "," + \
						("1," if iphoneCount>0 else "0,") + \
						("1," if samsungCount>0 else "0,") + \
						("1," if sonyCount>0 else "0,") + \
						("1," if nokiaCount>0 else "0,") + \
						("1" if htcCount>0 else "0") + \
						blankSection(1) + \
				for hit in perUncRe.findall(pageBody, re.I):
					print currentUrl + blankMain() + \
						blankSection(8) + "," + \
						("1," if iphoneCount>0 else "0,") + \
						("1," if samsungCount>0 else "0,") + \
						("1," if sonyCount>0 else "0,") + \
						("1," if nokiaCount>0 else "0,") + \
						("1" if htcCount>0 else "0") + \
				for hit in OSPerPosRe.findall(pageBody, re.I):
					print currentUrl + blankMain() + \
						blankSection(9) + "," + \
						("1," if iosCount>0 else "0,") + \
						("1" if googleCount>0 else "0") + \
				for hit in OSPerNegRe.findall(pageBody, re.I):
					print currentUrl + blankMain() + \
						blankSection(9) + \
						("1," if iosCount>0 else "0,") + \
						("1" if googleCount>0 else "0") + \
				for hit in OSPerUncRe.findall(pageBody, re.I):
					print currentUrl + blankMain() + \
						blankSection(9) + \
						("1," if iosCount>0 else "0,") + \
						("1" if googleCount>0 else "0")
 			# Assign the new url header match value to a variable
#			currentUrl = pageHeaderMatch
			currentUrl = "\"" + pageHeaderMatch.group(1).strip().replace(",", "") + "\""
#			currentUrl = currentUrl.replace("http://", "")
#			currentUrl = currentUrl.replace("/", "-")
#			currentUrl = currentUrl.replace("\(|\)", "")
			pageBody = ""
			pageBody = pageBody + line
	return ",0,0,0,0,0,0,0"
def blankSection(qty):
	returnString = ""
	for i in range(0, qty):
		returnString = returnString + ",0,0,0,0,0"
	return returnString
def blankOS(qty):
	returnString = ""
	for i in range(0, qty):
		returnString = returnString + ",0,0"
	return returnString
#!/usr/bin/env python
# reducer.py
import sys
# associates URLs with to the term frequency counts
frequencyCount = {}
# input comes from STDIN
for line in sys.stdin:
    # remove leading and trailing whitespace
    line = line.strip()
    try:
        # parse the input we got from mapper.py
        # url, col1, col2 = line.split(',')
        url, iphone, samsunggalaxy, sonyxperia, nokialumina, htcphone, ios, googleandroid, iphonecampos, samsungcampos, sonycampos, nokiacampos, htccampos, iphonecamneg, samsungcamneg, sonycamneg, nokiacamneg, htccamneg, iphonecamunc, samsungcamunc, sonycamunc, nokiacamunc, htccamunc, iphonedispos, samsungdispos, sonydispos, nokiadispos, htcdispos, iphonedisneg, samsungdisneg, sonydisneg, nokiadisneg, htcdisneg, iphonedisunc, samsungdisunc, sonydisunc, nokiadisunc, htcdisunc, iphoneperpos, samsungperpos, sonyperpos, nokiaperpos, htcperpos, iphoneperneg, samsungperneg, sonyperneg, nokiaperneg, htcperneg, iphoneperunc, samsungperunc, sonyperunc, nokiaperunc, htcperunc, iosperpos, googleperpos, iosperneg, googleperneg, iosperunc, googleperunc = line.split(',')
        # convert columns (currently strings) to ints
        iphone = int(iphone)
        samsunggalaxy = int(samsunggalaxy)
        sonyxperia = int(sonyxperia)
        nokialumina = int(nokialumina)
        htcphone = int(htcphone)
        ios = int(ios)
        googleandroid = int(googleandroid)
        iphonecampos = int(iphonecampos)
        samsungcampos = int(samsungcampos)
        sonycampos = int(sonycampos)
        nokiacampos = int(nokiacampos)
        htccampos = int(htccampos)
        iphonecamneg = int(iphonecamneg)
        samsungcamneg = int(samsungcamneg)
        sonycamneg = int(sonycamneg)
        nokiacamneg = int(nokiacamneg)
        htccamneg = int(htccamneg)
        iphonecamunc = int(iphonecamunc)
        samsungcamunc = int(samsungcamunc)
        sonycamunc = int(sonycamunc)
        nokiacamunc = int(nokiacamunc)
        htccamunc = int(htccamunc)
        iphonedispos = int(iphonedispos)
        samsungdispos = int(samsungdispos)
        sonydispos = int(sonydispos)
        nokiadispos = int(nokiadispos)
        htcdispos = int(htcdispos)
        iphonedisneg = int(iphonedisneg)
        samsungdisneg = int(samsungdisneg)
        sonydisneg = int(sonydisneg)
        nokiadisneg = int(nokiadisneg)
        htcdisneg = int(htcdisneg)
        iphonedisunc = int(iphonedisunc)
        samsungdisunc = int(samsungdisunc)
        sonydisunc = int(sonydisunc)
        nokiadisunc = int(nokiadisunc)
        htcdisunc = int(htcdisunc)
        iphoneperpos = int(iphoneperpos)
        samsungperpos = int(samsungperpos)
        sonyperpos = int(sonyperpos)
        nokiaperpos = int(nokiaperpos)
        htcperpos = int(htcperpos)
        iphoneperneg = int(iphoneperneg)
        samsungperneg = int(samsungperneg)
        sonyperneg = int(sonyperneg)
        nokiaperneg = int(nokiaperneg)
        htcperneg = int(htcperneg)
        iphoneperunc = int(iphoneperunc)
        samsungperunc = int(samsungperunc)
        sonyperunc = int(sonyperunc)
        nokiaperunc = int(nokiaperunc)
        htcperunc = int(htcperunc)
        iosperpos = int(iosperpos)
        googleperpos = int(googleperpos)
        iosperneg = int(iosperneg)
        googleperneg = int(googleperneg)
        iosperunc = int(iosperunc)
        googleperunc = int(googleperunc)
        columnTuple = (iphone, samsunggalaxy, sonyxperia, nokialumina, htcphone, ios, googleandroid, iphonecampos, samsungcampos, sonycampos, nokiacampos, htccampos, iphonecamneg, samsungcamneg, sonycamneg, nokiacamneg, htccamneg, iphonecamunc, samsungcamunc, sonycamunc, nokiacamunc, htccamunc, iphonedispos, samsungdispos, sonydispos, nokiadispos, htcdispos, iphonedisneg, samsungdisneg, sonydisneg, nokiadisneg, htcdisneg, iphonedisunc, samsungdisunc, sonydisunc, nokiadisunc, htcdisunc, iphoneperpos, samsungperpos, sonyperpos, nokiaperpos, htcperpos, iphoneperneg, samsungperneg, sonyperneg, nokiaperneg, htcperneg, iphoneperunc, samsungperunc, sonyperunc, nokiaperunc, htcperunc, iosperpos, googleperpos, iosperneg, googleperneg, iosperunc, googleperunc)
        if url in frequencyCount:
            frequencyCount[url] = tuple(sum(t) for t in zip(frequencyCount[url], columnTuple))
            frequencyCount[url] = columnTuple
    except Exception as e:
        continue
# write the tuples to stdout
# Note: they are unsorted
for url in frequencyCount.keys():
    print '%s, %s' % (url, str(frequencyCount[url]).rstrip('\)').lstrip('\('))#!/usr/bin/python
import pandas as pd
import numpy as np
import random
import sys
    # initialize global variables
    disable_pandas_warnings()
    getUserInputFile()
    setWeight()
    setIdx()
    # calculate sentiment for galaxy
    galaxySentIdx = ['samsunggalaxy']
    outputColLabelGal = ['galaxySentiment']
    galaxySentFactors = ['samsungcampos', 'samsungcamneg', 'samsungcamunc',
        'samsungdispos', 'samsungdisneg', 'samsungdisunc', 'samsungperpos',
        'samsungperneg', 'samsungperunc', 'googleperpos', 'googleperneg',
        'googleperunc']
    dfGalaxy = roboLabel(galaxySentIdx, galaxySentFactors, outputColLabelGal).ix[:,outputColLabelGal[0]]
    # calculate sentiment for iphone
    iphoneSentIdx = ['iphone']
    outputColLabelIp = ['iphoneSentiment']
    iphoneSentFactors = ['iphonecampos', 'iphonecamneg', 'iphonecamunc',
        'iphonedispos', 'iphonedisneg', 'iphonedisunc', 'iphoneperpos',
        'iphoneperneg', 'iphoneperunc', 'iosperpos', 'iosperneg',
        'iosperunc']
    dfIphone = roboLabel(iphoneSentIdx, iphoneSentFactors, outputColLabelIp).ix[:,outputColLabelIp[0]]
    # concatenate galaxy and iphone dataframes, write to file
    sentiment = pd.concat([dfGalaxy, dfIphone], axis=1)
    sentiment.index.name = 'id'
    sentiment.to_csv('./sentiment.csv')
    print "All tasks successful, output file is \'sentiment.csv\'"
    sys.exit()
def getUserInputFile():
    # read input from user, file is global
    file = raw_input("Enter input file (leave blank for './concatenated_factors'): ")
        file = "./concatenated_factors.csv"
    return file
def roboLabel(sentIdx, colnames, sentimentColName):
    # input target device (sentIdx), features (colnames), and resultant 
    # sentiment column header (sentimentColName), returns a dataframe
    # appended with robo-labeled sentiment. Positive values are positive
    # sentiment, negative values are negative. Minor noise is added.
    # Note that the value of sentIdx must be non-zero for a sentiment result
    # to be returned.
    df = pd.read_csv(file, delimiter=',')
        colIndiciesToParse.append(colIndex.get(colnames[i]))
    for i, j, k in zip(colIndiciesToParse, range(0,len(colIndiciesToParse)), colnames):
            df[sentimentColName[0]] = df.ix[:,i] * getWeight(k)
            df[sentimentColName[0]] = df[sentimentColName[0]] + (df.ix[:,i] * getWeight(k))
    # zero sentiment values where sentIdx == 0 (nobody talked about the device), add noise
    for i, j, k in zip(df[sentimentColName[0]], df.ix[:,colIndex.get(sentIdx[0])], df.ix[:,0]):
            # following line should get fixed in future version to resolve warning
            df.iloc[k][sentimentColName[0]] = 0
            df.iloc[k][sentimentColName[0]] = df.iloc[k][sentimentColName[0]] + random.randrange(-2,2,1)
    return df
def getIdx(colname):
    # input string column name, returns dataframe col index num
    return colIndex[colname]
def setIdx():
    # creates dictionary of key/value of column name/column index
    df = pd.read_csv(file, delimiter=',')
    for i, j in zip(df.columns.values, range(0,len(df.columns.values))):
def getWeight(colname):
    # input string column name, returns the weight applied to the sentiment
    return weightDict.get(colname)
def setWeight():
    # assigns weights to factors within feature matrix, this is configurable
    df = pd.read_csv(file, delimiter=',')
    #initialize column indicies, set all weights to 0
    weightList = [0] * len(df.columns.values)
    global weightDict
    weightDict = {}
    for i, j in zip(df.columns.values, weightList):
        weightDict[i] = j
    weightDict['iphone'] = 0
    weightDict['samsunggalaxy'] = 0
    weightDict['ios'] = 0
    weightDict['googleandroid'] = 0
    weightDict['iphonecampos'] = 10
    weightDict['samsungcampos'] = 10
    weightDict['iphonecamneg'] = -10
    weightDict['samsungcamneg'] = -10
    weightDict['iphonecamunc'] = 1
    weightDict['samsungcamunc'] = 1
    # display
    weightDict['iphonedispos'] = 10
    weightDict['samsungdispos'] = 10
    weightDict['iphonedisneg'] = -10
    weightDict['samsungdisneg'] = -10
    weightDict['iphonedisunc'] = 1
    weightDict['samsungdisunc'] = 1
    # device performance
    weightDict['iphoneperpos'] = 10
    weightDict['samsungperpos'] = 10
    weightDict['iphoneperneg'] = -10
    weightDict['samsungperneg'] = -10
    weightDict['iphoneperunc'] = 1
    weightDict['samsungperunc'] = 1
    # OS performance
    weightDict['iosperpos'] = 10
    weightDict['googleperpos'] = 10
    weightDict['iosperneg'] = -10
    weightDict['googleperneg'] = -10
    weightDict['iosperunc'] = 1
    weightDict['googleperunc'] = 1
def disable_pandas_warnings():
    # disable warning raised in roboLabel function (not an issue)
    import warnings
    warnings.filterwarnings('ignore')
"http://www.growingupdisney.com/2010/11/view-from-first-row.html", 1, 0, 0, 0, 0, 0, 0, 1, 0, 0, 0, 0, 0, 0, 0, 0, 0, 0, 0, 0, 0, 0, 0, 0, 0, 0, 0, 0, 0, 0, 0, 0, 0, 0, 0, 0, 0, 0, 0, 0, 0, 0, 0, 0, 0, 0, 0, 0, 0, 0, 0, 0, 0, 0, 0, 0, 0, 0	
"http://jahrfeier-zella.de/android-top-new-games.php", 1, 0, 0, 0, 0, 0, 0, 0, 0, 0, 0, 0, 0, 0, 0, 0, 0, 0, 0, 0, 0, 0, 0, 0, 0, 0, 0, 0, 0, 0, 0, 0, 0, 0, 0, 0, 0, 0, 0, 0, 0, 0, 0, 0, 0, 0, 0, 1, 0, 0, 0, 0, 0, 0, 0, 0, 0, 0	
"http://www.device-boom.com/plum-optimax-8-0-hard-reset/", 0, 0, 0, 0, 0, 0, 0, 0, 0, 0, 0, 0, 0, 0, 0, 0, 0, 0, 0, 0, 0, 0, 0, 0, 0, 0, 0, 0, 0, 0, 0, 0, 0, 0, 0, 0, 0, 1, 0, 0, 0, 1, 0, 0, 0, 0, 0, 0, 0, 0, 0, 0, 0, 0, 0, 0, 0, 0	
"https://androidandme.com/2012/08/reviews/att-sony-xperia-ion-review/attachment/sony_xperia_ion-10/", 0, 0, 1, 0, 0, 0, 0, 0, 0, 0, 0, 0, 0, 0, 0, 0, 0, 0, 0, 0, 0, 0, 0, 0, 0, 0, 0, 0, 0, 0, 0, 0, 0, 0, 0, 0, 0, 0, 0, 0, 0, 0, 0, 0, 0, 0, 0, 0, 0, 0, 0, 0, 0, 0, 0, 0, 0, 0	
"https://wholesalecloneiphone7plus.wordpress.com/tag/11-clone-iphone-7-for-sale/", 0, 0, 0, 0, 0, 1, 0, 0, 0, 0, 0, 0, 0, 0, 0, 0, 0, 0, 0, 0, 0, 0, 1, 0, 0, 0, 0, 0, 0, 0, 0, 0, 0, 0, 0, 0, 0, 0, 0, 0, 0, 0, 0, 0, 0, 0, 0, 0, 0, 0, 0, 0, 0, 0, 0, 0, 0, 0	
"http://www.modaco.com/index.php?sharelink=blogthis;aHR0cDovL3d3dy5tb2RhY28uY29tL3RvcGljLzI2ODA1MS1uZXctdGV4dC1tZXNzYWdlLWZvbGRlci8;TmV3IFRleHQgTWVzc2FnZSBGb2xkZXI", 0, 0, 0, 0, 0, 0, 0, 0, 0, 0, 0, 0, 0, 0, 0, 0, 0, 0, 0, 0, 0, 0, 0, 3, 0, 0, 0, 0, 0, 0, 0, 0, 0, 0, 0, 0, 0, 0, 3, 0, 0, 0, 0, 0, 0, 0, 0, 0, 0, 0, 0, 0, 0, 0, 0, 0, 0, 0	
"http://www.firstpost.com/topic/cricket/indian-premier-league-profile-112345.html", 1, 0, 0, 0, 0, 0, 0, 0, 0, 0, 0, 0, 0, 0, 0, 0, 0, 0, 0, 0, 0, 0, 0, 0, 0, 0, 0, 0, 0, 0, 0, 0, 0, 0, 0, 0, 0, 0, 0, 0, 0, 0, 0, 0, 0, 0, 0, 0, 0, 0, 0, 0, 0, 0, 0, 0, 0, 0	
"http://www.modaco.com/index.php?sharelink=blogthis;aHR0cDovL3d3dy5tb2RhY28uY29tL3RvcGljLzM2MzcwNC15MzAwLTQxMS1jYW50LWZpbmQtYWxsLWFuaW1hdGlvbi1zZXR0aW5ncy8;WTMwMCA0LjEuMSBDYW4mIzM5O3QgZmluZCBhbGwgYW5pbWF0aW9uIHNldHRpbmdz", 0, 0, 0, 0, 0, 0, 0, 0, 2, 0, 0, 0, 0, 0, 0, 0, 0, 0, 0, 0, 0, 0, 0, 3, 0, 0, 0, 0, 0, 0, 0, 0, 0, 0, 0, 0, 0, 0, 3, 0, 0, 0, 0, 0, 0, 0, 0, 0, 0, 0, 0, 0, 0, 2, 0, 0, 0, 0	
"http://www.feedage.com/feeds/28625/all-about-symbian-uiq-news", 0, 4, 0, 1, 0, 0, 0, 0, 0, 0, 0, 0, 0, 0, 0, 0, 0, 0, 0, 0, 0, 0, 0, 0, 0, 0, 0, 0, 0, 0, 0, 0, 0, 0, 0, 0, 0, 2, 2, 0, 2, 0, 0, 0, 0, 0, 0, 0, 0, 0, 0, 0, 0, 0, 0, 0, 0, 0	
"https://blog.goodbarber.com/Apple-App-Store-guideline-4-2-6_a862.html", 0, 0, 0, 0, 0, 0, 0, 0, 0, 0, 0, 0, 0, 0, 0, 0, 0, 0, 0, 0, 0, 0, 0, 0, 0, 0, 0, 0, 0, 0, 0, 0, 0, 0, 0, 0, 0, 0, 0, 0, 0, 0, 0, 0, 0, 0, 0, 0, 0, 0, 0, 0, 0, 0, 0, 0, 0, 0	
"http://www.mundoios.net/2015/08/as-respostas-engracadas-da-siri-sobre-o-evento-especial-do-dia-9-de-setembro.html", 1, 0, 0, 0, 0, 0, 0, 0, 0, 0, 0, 0, 0, 0, 0, 0, 0, 0, 0, 0, 0, 0, 0, 0, 0, 0, 0, 0, 0, 0, 0, 0, 0, 0, 0, 0, 0, 0, 0, 0, 0, 0, 0, 0, 0, 0, 0, 0, 0, 0, 0, 0, 0, 0, 0, 0, 0, 0	
"http://redskywinery.com/ebooks/download-between-philosophy-and-theology%3A-contemporary-interpretations-of-christianity.html", 0, 0, 0, 0, 0, 0, 0, 0, 0, 0, 0, 0, 1, 0, 0, 0, 0, 0, 0, 0, 0, 0, 0, 0, 0, 0, 0, 0, 0, 0, 0, 0, 0, 0, 0, 0, 0, 0, 0, 0, 0, 0, 0, 0, 0, 0, 0, 0, 0, 0, 0, 0, 0, 0, 0, 0, 0, 0	
"http://www.modaco.com/index.php?sharelink=download;aHR0cDovL3d3dy5tb2RhY28uY29tL3RvcGljLzM2MDE1Mi1xLXdoYXQtZG8tdGhlc2Utc2V0dGluZ3MtbWVhbmRvLXVuZGVyLWFkdmFuY2Utc2V0dGluZ3Mv;USkgICBXaGF0IGRvIHRoZXNlIFNldHRpbmdzIG1lYW4vRG8_ICBVbmRlciBBZHZhbmNlIFNldHRpbmdz", 0, 0, 0, 0, 0, 0, 0, 0, 0, 0, 0, 0, 0, 0, 0, 0, 0, 0, 0, 0, 0, 0, 0, 0, 0, 0, 0, 0, 1, 0, 0, 0, 0, 0, 0, 0, 0, 0, 0, 0, 0, 0, 0, 1, 0, 0, 0, 0, 0, 0, 0, 0, 0, 0, 0, 0, 0, 0	
"http://www.modaco.com/index.php?sharelink=twitter;aHR0cDovL3d3dy5tb2RhY28uY29tL3RvcGljLzM1MTkwMS1mb3JnZXQtcGFzc3dvcmQv;Zm9yZ2V0IHBhc3N3b3Jk", 0, 0, 0, 0, 0, 0, 0, 0, 0, 0, 0, 0, 0, 0, 0, 0, 0, 0, 0, 0, 0, 0, 0, 0, 0, 0, 0, 0, 0, 0, 0, 0, 0, 0, 0, 0, 0, 0, 3, 0, 0, 0, 0, 0, 0, 0, 0, 0, 0, 0, 0, 0, 0, 0, 0, 0, 0, 0	
"https://www.mobilegamer.com.br/2011/12/gameloft-descontos-de-natal-em-jogos-para-android-e-java.html", 1, 0, 0, 0, 0, 0, 0, 0, 0, 0, 0, 0, 0, 0, 0, 0, 0, 0, 0, 0, 0, 0, 0, 0, 0, 0, 0, 0, 0, 0, 0, 0, 0, 0, 0, 0, 0, 0, 0, 0, 0, 0, 0, 0, 0, 0, 0, 0, 0, 0, 0, 0, 0, 0, 0, 0, 0, 0	
"https://www.mobilegamer.com.br/2011/03/trailer-kami-retro-iphone.html", 1, 0, 0, 0, 0, 0, 0, 0, 0, 0, 0, 0, 0, 0, 0, 0, 0, 0, 0, 0, 0, 0, 0, 0, 0, 0, 0, 0, 0, 0, 0, 0, 0, 0, 0, 0, 0, 0, 0, 0, 0, 0, 0, 0, 0, 0, 0, 0, 0, 0, 0, 0, 0, 0, 0, 0, 0, 0	
"http://www.modaco.com/index.php?sharelink=blogthis;aHR0cDovL3d3dy5tb2RhY28uY29tL3RvcGljLzI2ODg0Mi1odGMtczYyMC1rZXlib2FyZC1zZXR0aW5ncy8;SFRDIFM2MjAga2V5Ym9hcmQgc2V0dGluZ3M", 0, 0, 0, 0, 0, 0, 0, 0, 0, 0, 0, 0, 0, 0, 0, 0, 0, 0, 0, 0, 0, 0, 0, 3, 0, 0, 0, 0, 0, 0, 0, 0, 0, 0, 0, 0, 0, 0, 3, 0, 0, 0, 0, 0, 0, 0, 0, 0, 0, 0, 0, 0, 0, 0, 0, 0, 0, 0	
"http://www.x-drivers.com/news/hardware/12730", 0, 2, 0, 0, 0, 0, 0, 0, 0, 0, 0, 0, 0, 0, 0, 0, 0, 0, 0, 0, 0, 0, 0, 0, 0, 0, 0, 0, 0, 0, 0, 0, 0, 0, 0, 0, 0, 0, 0, 0, 0, 0, 0, 0, 0, 0, 0, 0, 0, 0, 0, 0, 0, 0, 0, 0, 0, 0	
"http://marioguillote.blogspot.com.ar/2013_02_01_archive.html", 1, 0, 0, 0, 0, 0, 0, 0, 0, 0, 0, 0, 0, 0, 0, 0, 0, 0, 0, 0, 0, 0, 0, 0, 0, 0, 0, 0, 0, 0, 0, 0, 0, 0, 0, 0, 0, 0, 0, 0, 0, 0, 0, 0, 0, 0, 0, 0, 0, 0, 0, 0, 0, 0, 0, 0, 0, 0	
"https://android-er.blogspot.com/2013/03/kick-start-google-maps-android-api-v2.html", 0, 0, 0, 0, 0, 0, 0, 0, 0, 0, 0, 0, 0, 0, 0, 0, 0, 0, 0, 0, 0, 0, 0, 0, 0, 0, 0, 0, 0, 0, 0, 0, 0, 0, 0, 0, 0, 0, 0, 0, 0, 0, 0, 0, 0, 0, 0, 0, 0, 0, 0, 0, 0, 0, 0, 0, 0, 0	
"http://www.multipelife.com/play-video-capture-in-camtasia.html", 0, 0, 0, 0, 0, 0, 0, 0, 0, 0, 0, 0, 0, 0, 0, 0, 0, 0, 0, 0, 0, 0, 1, 0, 0, 0, 0, 0, 0, 0, 0, 0, 0, 0, 0, 0, 0, 0, 0, 0, 0, 0, 0, 0, 0, 0, 0, 0, 0, 0, 0, 0, 0, 0, 0, 0, 0, 0	
"http://opencryptocurrencyreview.com/how-do-i-get-ethereum-account-no-credit-no-problem-the-affluence-network/", 0, 0, 0, 0, 0, 0, 0, 0, 0, 0, 0, 0, 0, 0, 0, 0, 0, 0, 0, 0, 0, 0, 0, 0, 0, 0, 0, 0, 0, 0, 0, 0, 0, 0, 0, 0, 0, 0, 0, 0, 0, 0, 0, 0, 0, 0, 0, 0, 0, 0, 0, 0, 0, 0, 0, 0, 0, 0	
"http://www.modaco.com/index.php?act=Attach&type=post&id=55384", 0, 0, 0, 0, 0, 0, 0, 0, 0, 0, 0, 0, 0, 0, 0, 0, 0, 0, 0, 0, 0, 0, 0, 0, 0, 0, 0, 0, 0, 0, 0, 0, 0, 0, 0, 0, 0, 0, 3, 0, 0, 0, 0, 0, 0, 0, 0, 0, 0, 0, 0, 0, 0, 0, 0, 0, 0, 0	
"http://www.modaco.com/index.php?sharelink=download;aHR0cDovL3d3dy5tb2RhY28uY29tL3RvcGljLzI0OTIyNi13ODEwaS13ZWJud2Fsay1tZXNzYWdlLWNvbmZ1c2lvbi8;VzgxMGkgLSBXZWImIzM5O24mIzM5O3dhbGsgbWVzc2FnZSBjb25mdXNpb24", 0, 0, 0, 0, 0, 0, 1, 0, 0, 0, 0, 0, 0, 0, 0, 0, 0, 0, 0, 0, 0, 0, 0, 0, 0, 0, 0, 0, 1, 0, 0, 0, 0, 0, 0, 0, 0, 0, 0, 0, 0, 0, 0, 1, 0, 0, 0, 0, 0, 0, 0, 0, 0, 0, 0, 0, 0, 0	
"https://theamericangenius.com/gadgets/smartphones-gadgets/iphone-app-streamlines-real-estate-search-for-consumers/", 0, 0, 0, 0, 0, 0, 0, 0, 0, 0, 0, 0, 0, 0, 0, 0, 0, 0, 0, 0, 0, 0, 1, 0, 0, 0, 0, 0, 0, 0, 0, 0, 4, 0, 0, 0, 0, 0, 0, 0, 0, 0, 0, 0, 0, 0, 0, 0, 0, 0, 0, 0, 0, 0, 0, 0, 0, 0	
"http://www.modaco.com/index.php?sharelink=email;aHR0cDovL3d3dy5tb2RhY28uY29tL3RvcGljLzM0NzgzMS1uZWVkLW1vcmUtaW5mb3JtYXRpb24tb24tdGhpcy1waG9uZS8;TmVlZCBtb3JlIGluZm9ybWF0aW9uIG9uIHRoaXMgcGhvbmU", 0, 0, 0, 0, 0, 0, 0, 0, 0, 0, 0, 0, 0, 0, 0, 0, 0, 0, 0, 0, 0, 0, 0, 0, 0, 0, 0, 0, 1, 0, 0, 0, 0, 0, 0, 0, 0, 0, 0, 0, 0, 0, 0, 1, 0, 0, 0, 0, 0, 0, 0, 0, 0, 0, 0, 0, 0, 0	
"http://www.x-drivers.com/news/hardware/13621", 0, 0, 0, 0, 0, 1, 0, 0, 0, 0, 0, 0, 0, 0, 0, 0, 0, 0, 0, 0, 0, 0, 0, 1, 0, 0, 0, 0, 0, 0, 0, 0, 0, 0, 0, 0, 0, 0, 1, 0, 0, 0, 0, 0, 0, 0, 0, 0, 0, 0, 0, 0, 0, 0, 0, 0, 0, 0	
"http://jahrfeier-zella.de/android-top-new-games.php", 0, 0, 0, 0, 0, 0, 0, 0, 0, 0, 0, 0, 0, 0, 0, 0, 0, 0, 0, 0, 0, 0, 0, 0, 0, 0, 0, 0, 0, 0, 0, 0, 1, 0, 0, 0, 0, 0, 0, 0, 0, 0, 0, 0, 0, 0, 0, 0, 0, 0, 0, 0, 0, 0, 0, 0, 0, 0	
"http://www.device-boom.com/plum-optimax-8-0-hard-reset/", 0, 0, 0, 0, 0, 0, 0, 0, 0, 0, 0, 0, 0, 0, 0, 0, 0, 0, 0, 0, 0, 0, 0, 0, 0, 0, 0, 0, 0, 0, 0, 0, 0, 0, 0, 0, 0, 0, 0, 0, 0, 0, 0, 0, 0, 0, 0, 0, 0, 0, 0, 0, 0, 0, 0, 0, 0, 0	
"https://hackaday.com/2017/12/04/upgrading-a-usb-soldering-iron/", 1, 0, 0, 0, 0, 0, 0, 0, 0, 0, 0, 0, 0, 0, 0, 0, 0, 0, 0, 0, 0, 0, 0, 0, 0, 0, 0, 0, 0, 0, 0, 0, 0, 0, 0, 0, 0, 0, 0, 0, 0, 0, 0, 0, 0, 0, 0, 0, 0, 0, 0, 0, 0, 0, 0, 0, 0, 0	
"http://www.modaco.com/index.php?sharelink=blogthis;aHR0cDovL3d3dy5tb2RhY28uY29tL3RvcGljLzI2ODA1MS1uZXctdGV4dC1tZXNzYWdlLWZvbGRlci8;TmV3IFRleHQgTWVzc2FnZSBGb2xkZXI", 0, 1, 0, 0, 0, 0, 0, 0, 2, 0, 0, 0, 0, 0, 0, 0, 0, 0, 0, 0, 0, 0, 0, 0, 0, 0, 0, 0, 0, 0, 0, 0, 0, 0, 0, 0, 0, 0, 0, 0, 0, 0, 0, 0, 0, 0, 0, 0, 0, 0, 0, 0, 0, 2, 0, 0, 0, 0	
"http://www.modaco.com/index.php?sharelink=blogthis;aHR0cDovL3d3dy5tb2RhY28uY29tL3RvcGljLzM2MzcwNC15MzAwLTQxMS1jYW50LWZpbmQtYWxsLWFuaW1hdGlvbi1zZXR0aW5ncy8;WTMwMCA0LjEuMSBDYW4mIzM5O3QgZmluZCBhbGwgYW5pbWF0aW9uIHNldHRpbmdz", 0, 1, 0, 0, 0, 0, 0, 0, 0, 0, 0, 0, 0, 0, 0, 0, 0, 0, 0, 0, 0, 0, 0, 0, 0, 0, 0, 0, 1, 0, 0, 0, 0, 0, 0, 0, 0, 0, 0, 0, 0, 0, 0, 0, 0, 0, 0, 0, 0, 0, 0, 0, 0, 0, 0, 0, 0, 0	
"http://www.feedage.com/feeds/28625/all-about-symbian-uiq-news", 0, 0, 0, 0, 0, 0, 0, 16, 16, 0, 16, 0, 4, 4, 0, 4, 0, 0, 0, 0, 0, 0, 0, 0, 0, 0, 0, 0, 0, 0, 0, 0, 0, 0, 0, 0, 0, 0, 0, 0, 0, 0, 0, 0, 0, 0, 0, 0, 0, 0, 0, 0, 0, 0, 0, 0, 0, 0	
"http://www.mundoios.net/2015/08/as-respostas-engracadas-da-siri-sobre-o-evento-especial-do-dia-9-de-setembro.html", 0, 0, 0, 0, 0, 1, 0, 0, 0, 0, 0, 0, 0, 0, 0, 0, 0, 0, 0, 0, 0, 0, 0, 0, 0, 0, 0, 0, 0, 0, 0, 0, 0, 0, 0, 0, 0, 0, 0, 0, 0, 0, 0, 0, 0, 0, 0, 0, 0, 0, 0, 0, 0, 0, 0, 0, 0, 0	
"http://redskywinery.com/ebooks/download-between-philosophy-and-theology%3A-contemporary-interpretations-of-christianity.html", 1, 0, 0, 0, 0, 0, 0, 1, 0, 0, 0, 0, 0, 0, 0, 0, 0, 1, 0, 0, 0, 0, 0, 0, 0, 0, 0, 0, 0, 0, 0, 0, 0, 0, 0, 0, 0, 0, 0, 0, 0, 0, 0, 0, 0, 0, 0, 0, 0, 0, 0, 0, 0, 0, 0, 0, 0, 0	
"http://www.modaco.com/index.php?sharelink=download;aHR0cDovL3d3dy5tb2RhY28uY29tL3RvcGljLzM2MDE1Mi1xLXdoYXQtZG8tdGhlc2Utc2V0dGluZ3MtbWVhbmRvLXVuZGVyLWFkdmFuY2Utc2V0dGluZ3Mv;USkgICBXaGF0IGRvIHRoZXNlIFNldHRpbmdzIG1lYW4vRG8_ICBVbmRlciBBZHZhbmNlIFNldHRpbmdz", 0, 0, 0, 0, 0, 0, 1, 0, 0, 0, 0, 0, 0, 0, 0, 0, 0, 0, 0, 0, 0, 0, 0, 0, 0, 0, 0, 0, 0, 0, 0, 0, 0, 0, 0, 0, 0, 0, 0, 0, 0, 0, 0, 0, 0, 0, 0, 0, 0, 0, 0, 0, 0, 0, 0, 0, 0, 0	
"http://www.modaco.com/index.php?sharelink=twitter;aHR0cDovL3d3dy5tb2RhY28uY29tL3RvcGljLzM1MTkwMS1mb3JnZXQtcGFzc3dvcmQv;Zm9yZ2V0IHBhc3N3b3Jk", 0, 1, 0, 0, 0, 0, 0, 0, 2, 0, 0, 0, 0, 0, 0, 0, 0, 0, 0, 0, 0, 0, 0, 3, 0, 0, 0, 0, 0, 0, 0, 0, 0, 0, 0, 0, 0, 0, 0, 0, 0, 0, 0, 0, 0, 0, 0, 0, 0, 0, 0, 0, 0, 2, 0, 0, 0, 0	
"http://karenfreberg.com/blog/uofl-social-media-class-analytics-monitoring-listening-via-toolsplatforms/", 1, 0, 0, 0, 0, 0, 0, 0, 0, 0, 0, 0, 0, 0, 0, 0, 0, 0, 0, 0, 0, 0, 0, 0, 0, 0, 0, 0, 0, 0, 0, 0, 0, 0, 0, 0, 0, 0, 0, 0, 0, 0, 0, 0, 0, 0, 0, 0, 0, 0, 0, 0, 0, 0, 0, 0, 0, 0	
"http://www.modaco.com/index.php?sharelink=blogthis;aHR0cDovL3d3dy5tb2RhY28uY29tL3RvcGljLzI2ODg0Mi1odGMtczYyMC1rZXlib2FyZC1zZXR0aW5ncy8;SFRDIFM2MjAga2V5Ym9hcmQgc2V0dGluZ3M", 0, 1, 0, 0, 0, 0, 0, 0, 2, 0, 0, 0, 0, 0, 0, 0, 0, 0, 0, 0, 0, 0, 0, 0, 0, 0, 0, 0, 0, 0, 0, 0, 0, 0, 0, 0, 0, 0, 0, 0, 0, 0, 0, 0, 0, 0, 0, 0, 0, 0, 0, 0, 0, 2, 0, 0, 0, 0	
"http://www.firstpost.com/ebook_download.php?id=103", 1, 0, 0, 0, 0, 0, 0, 0, 0, 0, 0, 0, 0, 0, 0, 0, 0, 0, 0, 0, 0, 0, 0, 0, 0, 0, 0, 0, 0, 0, 0, 0, 0, 0, 0, 0, 0, 0, 0, 0, 0, 0, 0, 0, 0, 0, 0, 0, 0, 0, 0, 0, 0, 0, 0, 0, 0, 0	
"https://android-er.blogspot.com/2013/03/kick-start-google-maps-android-api-v2.html", 0, 0, 0, 0, 0, 0, 1, 0, 0, 0, 0, 0, 0, 0, 0, 0, 0, 0, 0, 0, 0, 0, 0, 0, 0, 0, 0, 0, 0, 0, 0, 0, 0, 0, 0, 0, 0, 0, 0, 0, 0, 0, 0, 0, 0, 0, 0, 0, 0, 0, 0, 0, 0, 0, 0, 0, 0, 0	
"http://blog.protonmedia.com/2011/08/great-list-of-virtual-training-best.html", 0, 0, 0, 0, 0, 0, 0, 0, 0, 0, 0, 0, 0, 0, 0, 0, 0, 0, 0, 0, 0, 0, 0, 0, 0, 0, 0, 0, 0, 0, 0, 0, 0, 0, 0, 0, 0, 3, 0, 0, 0, 0, 0, 0, 0, 0, 0, 0, 0, 0, 0, 0, 0, 0, 0, 0, 0, 0	
"https://bitcoinmoneysystems.com/what-is-the-affluence-network-roi/", 0, 0, 0, 0, 0, 1, 0, 0, 0, 0, 0, 0, 0, 0, 0, 0, 0, 0, 0, 0, 0, 0, 0, 0, 0, 0, 0, 0, 0, 0, 0, 0, 0, 0, 0, 0, 0, 0, 0, 0, 0, 0, 0, 0, 0, 0, 0, 0, 0, 0, 0, 0, 0, 0, 2, 0, 0, 0	
"http://fix.lazyjeff.com/2011/02/microsoft-updates-windows-updates.html", 1, 0, 0, 0, 0, 0, 0, 0, 0, 0, 0, 0, 0, 0, 0, 0, 0, 0, 0, 0, 0, 0, 0, 0, 0, 0, 0, 0, 0, 0, 0, 0, 0, 0, 0, 0, 0, 0, 0, 0, 0, 0, 0, 0, 0, 0, 0, 0, 0, 0, 0, 0, 0, 0, 0, 0, 0, 0	
"http://www.modaco.com/index.php?act=Attach&type=post&id=55384", 0, 1, 0, 0, 0, 0, 0, 0, 2, 0, 0, 0, 0, 0, 0, 0, 0, 0, 0, 0, 0, 0, 0, 3, 0, 0, 0, 0, 0, 0, 0, 0, 0, 0, 0, 0, 0, 0, 0, 0, 0, 0, 0, 0, 0, 0, 0, 0, 0, 0, 0, 0, 0, 2, 0, 0, 0, 0	
"http://www.modaco.com/index.php?sharelink=download;aHR0cDovL3d3dy5tb2RhY28uY29tL3RvcGljLzI0OTIyNi13ODEwaS13ZWJud2Fsay1tZXNzYWdlLWNvbmZ1c2lvbi8;VzgxMGkgLSBXZWImIzM5O24mIzM5O3dhbGsgbWVzc2FnZSBjb25mdXNpb24", 0, 0, 0, 0, 0, 0, 0, 0, 0, 0, 0, 0, 0, 0, 0, 0, 0, 0, 0, 0, 0, 0, 0, 3, 0, 0, 0, 0, 0, 0, 0, 0, 0, 0, 0, 0, 0, 0, 3, 0, 0, 0, 0, 0, 0, 0, 0, 0, 0, 0, 0, 0, 0, 0, 0, 0, 0, 0	
"http://hoangdiep.net/tag/keyboard-test/", 0, 0, 0, 0, 0, 0, 2, 0, 0, 0, 0, 0, 0, 0, 0, 0, 0, 0, 0, 0, 0, 0, 0, 0, 0, 0, 0, 0, 0, 0, 0, 0, 0, 0, 0, 0, 0, 0, 0, 0, 0, 0, 0, 0, 0, 0, 0, 0, 0, 0, 0, 0, 0, 0, 0, 0, 0, 0	
"http://www.servingniches.com/testblog/category/free/page/2/", 1, 0, 0, 0, 0, 0, 0, 0, 0, 0, 0, 0, 0, 0, 0, 0, 0, 0, 0, 0, 0, 0, 0, 0, 0, 0, 0, 0, 0, 0, 0, 0, 0, 0, 0, 0, 0, 0, 0, 0, 0, 0, 0, 0, 0, 0, 0, 0, 0, 0, 0, 0, 0, 0, 0, 0, 0, 0	
"http://www.modaco.com/index.php?sharelink=email;aHR0cDovL3d3dy5tb2RhY28uY29tL3RvcGljLzM0NzgzMS1uZWVkLW1vcmUtaW5mb3JtYXRpb24tb24tdGhpcy1waG9uZS8;TmVlZCBtb3JlIGluZm9ybWF0aW9uIG9uIHRoaXMgcGhvbmU", 0, 0, 0, 0, 0, 0, 1, 0, 0, 0, 0, 0, 0, 0, 0, 0, 0, 0, 0, 0, 0, 0, 0, 0, 0, 0, 0, 0, 0, 0, 0, 0, 0, 0, 0, 0, 0, 0, 0, 0, 0, 0, 0, 0, 0, 0, 0, 0, 0, 0, 0, 0, 0, 0, 0, 0, 0, 0	
"http://www.growingupdisney.com/2010/11/view-from-first-row.html", 0, 0, 0, 0, 0, 0, 0, 0, 0, 0, 0, 0, 1, 0, 0, 0, 0, 0, 0, 0, 0, 0, 0, 0, 0, 0, 0, 0, 0, 0, 0, 0, 0, 0, 0, 0, 0, 0, 0, 0, 0, 0, 0, 0, 0, 0, 0, 0, 0, 0, 0, 0, 0, 0, 0, 0, 0, 0	
"http://www.x-drivers.com/news/hardware/13621", 0, 1, 0, 0, 0, 0, 0, 0, 0, 0, 0, 0, 0, 0, 0, 0, 0, 0, 0, 0, 0, 0, 0, 0, 0, 0, 0, 0, 0, 0, 0, 0, 0, 0, 0, 0, 0, 0, 0, 0, 0, 0, 0, 0, 0, 0, 0, 0, 0, 0, 0, 0, 0, 0, 0, 0, 0, 0	
"http://jahrfeier-zella.de/android-top-new-games.php", 0, 0, 0, 0, 0, 0, 0, 0, 0, 0, 0, 0, 0, 0, 0, 0, 0, 0, 0, 0, 0, 0, 1, 0, 0, 0, 0, 0, 0, 0, 0, 0, 0, 0, 0, 0, 0, 1, 0, 0, 0, 0, 0, 0, 0, 0, 0, 0, 0, 0, 0, 0, 0, 0, 0, 0, 0, 0	
"http://www.device-boom.com/plum-optimax-8-0-hard-reset/", 1, 0, 0, 0, 1, 0, 0, 0, 0, 0, 0, 0, 0, 0, 0, 0, 0, 0, 0, 0, 0, 0, 0, 0, 0, 0, 0, 0, 0, 0, 0, 0, 0, 0, 0, 0, 0, 0, 0, 0, 0, 0, 0, 0, 0, 0, 0, 0, 0, 0, 0, 0, 0, 0, 0, 0, 0, 0	
"https://wholesalecloneiphone7plus.wordpress.com/tag/11-clone-iphone-7-for-sale/", 1, 0, 0, 0, 0, 0, 0, 0, 0, 0, 0, 0, 0, 0, 0, 0, 0, 0, 0, 0, 0, 0, 0, 0, 0, 0, 0, 0, 0, 0, 0, 0, 0, 0, 0, 0, 0, 0, 0, 0, 0, 0, 0, 0, 0, 0, 0, 0, 0, 0, 0, 0, 0, 0, 0, 0, 0, 0	
"http://www.modaco.com/index.php?sharelink=blogthis;aHR0cDovL3d3dy5tb2RhY28uY29tL3RvcGljLzI2ODA1MS1uZXctdGV4dC1tZXNzYWdlLWZvbGRlci8;TmV3IFRleHQgTWVzc2FnZSBGb2xkZXI", 0, 0, 0, 0, 0, 0, 1, 0, 0, 0, 0, 0, 0, 0, 0, 0, 0, 0, 0, 0, 0, 0, 0, 0, 0, 0, 0, 0, 1, 0, 0, 0, 0, 0, 0, 0, 0, 0, 0, 0, 0, 0, 0, 1, 0, 0, 0, 0, 0, 0, 0, 0, 0, 0, 0, 0, 0, 0	
"http://www.modaco.com/index.php?sharelink=blogthis;aHR0cDovL3d3dy5tb2RhY28uY29tL3RvcGljLzM2MzcwNC15MzAwLTQxMS1jYW50LWZpbmQtYWxsLWFuaW1hdGlvbi1zZXR0aW5ncy8;WTMwMCA0LjEuMSBDYW4mIzM5O3QgZmluZCBhbGwgYW5pbWF0aW9uIHNldHRpbmdz", 0, 0, 0, 0, 0, 0, 1, 0, 0, 0, 0, 0, 0, 0, 0, 0, 0, 0, 0, 0, 0, 0, 0, 0, 0, 0, 0, 0, 0, 0, 0, 0, 0, 0, 0, 0, 0, 0, 0, 0, 0, 0, 0, 1, 0, 0, 0, 0, 0, 0, 0, 0, 0, 0, 0, 0, 0, 0	
"http://www.feedage.com/feeds/28625/all-about-symbian-uiq-news", 3, 0, 0, 0, 0, 0, 0, 0, 0, 0, 0, 0, 0, 0, 0, 0, 0, 14, 14, 0, 14, 0, 12, 12, 0, 12, 0, 1, 1, 0, 1, 0, 10, 10, 0, 10, 0, 0, 0, 0, 0, 0, 0, 0, 0, 0, 0, 3, 3, 0, 3, 0, 0, 0, 0, 0, 0, 0	
"https://blog.goodbarber.com/Apple-App-Store-guideline-4-2-6_a862.html", 0, 0, 0, 0, 0, 1, 0, 0, 0, 0, 0, 0, 0, 0, 0, 0, 0, 0, 0, 0, 0, 0, 0, 0, 0, 0, 0, 0, 0, 0, 0, 0, 0, 0, 0, 0, 0, 0, 0, 0, 0, 0, 0, 0, 0, 0, 0, 0, 0, 0, 0, 0, 0, 0, 0, 0, 0, 0	
"http://redskywinery.com/ebooks/download-between-philosophy-and-theology%3A-contemporary-interpretations-of-christianity.html", 0, 0, 0, 0, 0, 0, 0, 0, 0, 0, 0, 0, 0, 0, 0, 0, 0, 0, 0, 0, 0, 0, 1, 0, 0, 0, 0, 0, 0, 0, 0, 0, 0, 0, 0, 0, 0, 0, 0, 0, 0, 0, 0, 0, 0, 0, 0, 0, 0, 0, 0, 0, 0, 0, 0, 0, 0, 0	
"http://www.modaco.com/index.php?sharelink=download;aHR0cDovL3d3dy5tb2RhY28uY29tL3RvcGljLzM2MDE1Mi1xLXdoYXQtZG8tdGhlc2Utc2V0dGluZ3MtbWVhbmRvLXVuZGVyLWFkdmFuY2Utc2V0dGluZ3Mv;USkgICBXaGF0IGRvIHRoZXNlIFNldHRpbmdzIG1lYW4vRG8_ICBVbmRlciBBZHZhbmNlIFNldHRpbmdz", 0, 1, 0, 0, 0, 0, 0, 0, 2, 0, 0, 0, 0, 0, 0, 0, 0, 0, 0, 0, 0, 0, 0, 3, 0, 0, 0, 0, 0, 0, 0, 0, 0, 0, 0, 0, 0, 0, 3, 0, 0, 0, 0, 0, 0, 0, 0, 0, 0, 0, 0, 0, 0, 2, 0, 0, 0, 0	
"http://www.modaco.com/index.php?sharelink=twitter;aHR0cDovL3d3dy5tb2RhY28uY29tL3RvcGljLzM1MTkwMS1mb3JnZXQtcGFzc3dvcmQv;Zm9yZ2V0IHBhc3N3b3Jk", 0, 0, 0, 0, 0, 0, 1, 0, 0, 0, 0, 0, 0, 0, 0, 0, 0, 0, 0, 0, 0, 0, 0, 0, 0, 0, 0, 0, 1, 0, 0, 0, 0, 0, 0, 0, 0, 0, 0, 0, 0, 0, 0, 1, 0, 0, 0, 0, 0, 0, 0, 0, 0, 0, 0, 0, 0, 0	
"http://eclaravalls.es/consultor-tecnico-navision/", 0, 0, 0, 0, 0, 1, 0, 0, 0, 0, 0, 0, 0, 0, 0, 0, 0, 0, 0, 0, 0, 0, 0, 0, 0, 0, 0, 0, 0, 0, 0, 0, 0, 0, 0, 0, 0, 0, 0, 0, 0, 0, 0, 0, 0, 0, 0, 0, 0, 0, 0, 0, 0, 0, 0, 0, 0, 0	
"http://karenfreberg.com/blog/2017/03/17/", 1, 0, 0, 0, 0, 0, 0, 0, 0, 0, 0, 0, 0, 0, 0, 0, 0, 0, 0, 0, 0, 0, 0, 0, 0, 0, 0, 0, 0, 0, 0, 0, 0, 0, 0, 0, 0, 0, 0, 0, 0, 0, 0, 0, 0, 0, 0, 0, 0, 0, 0, 0, 0, 0, 0, 0, 0, 0	
"http://www.modaco.com/index.php?sharelink=blogthis;aHR0cDovL3d3dy5tb2RhY28uY29tL3RvcGljLzI2ODg0Mi1odGMtczYyMC1rZXlib2FyZC1zZXR0aW5ncy8;SFRDIFM2MjAga2V5Ym9hcmQgc2V0dGluZ3M", 0, 0, 0, 0, 0, 0, 1, 0, 0, 0, 0, 0, 0, 0, 0, 0, 0, 0, 0, 0, 0, 0, 0, 0, 0, 0, 0, 0, 1, 0, 0, 0, 0, 0, 0, 0, 0, 0, 0, 0, 0, 0, 0, 1, 0, 0, 0, 0, 0, 0, 0, 0, 0, 0, 0, 0, 0, 0	
"http://www.x-drivers.com/news/hardware/12730", 0, 0, 0, 0, 0, 1, 0, 0, 0, 0, 0, 0, 0, 0, 0, 0, 0, 0, 0, 0, 0, 0, 0, 1, 0, 0, 0, 0, 0, 0, 0, 0, 0, 0, 0, 0, 0, 0, 0, 0, 0, 0, 0, 0, 0, 0, 0, 0, 0, 0, 0, 0, 0, 0, 0, 0, 0, 0	
"http://blog.protonmedia.com/2011/08/great-list-of-virtual-training-best.html", 1, 0, 0, 0, 0, 0, 0, 1, 0, 0, 0, 0, 0, 0, 0, 0, 0, 0, 0, 0, 0, 0, 0, 0, 0, 0, 0, 0, 0, 0, 0, 0, 0, 0, 0, 0, 0, 0, 0, 0, 0, 0, 0, 0, 0, 0, 0, 0, 0, 0, 0, 0, 0, 0, 0, 0, 0, 0	
"https://bitcoinmoneysystems.com/what-is-the-affluence-network-roi/", 0, 0, 0, 0, 0, 0, 0, 0, 0, 0, 0, 0, 0, 0, 0, 0, 0, 0, 0, 0, 0, 0, 0, 0, 0, 0, 0, 0, 0, 0, 0, 0, 0, 0, 0, 0, 0, 0, 0, 0, 0, 0, 0, 0, 0, 0, 0, 0, 0, 0, 0, 0, 0, 0, 0, 0, 0, 0	
"http://www.multipelife.com/play-video-capture-in-camtasia.html", 1, 0, 0, 0, 0, 0, 0, 0, 0, 0, 0, 0, 0, 0, 0, 0, 0, 0, 0, 0, 0, 0, 0, 0, 0, 0, 0, 0, 0, 0, 0, 0, 0, 0, 0, 0, 0, 0, 0, 0, 0, 0, 0, 0, 0, 0, 0, 0, 0, 0, 0, 0, 0, 0, 0, 0, 0, 0	
"http://fix.lazyjeff.com/2011/02/microsoft-updates-windows-updates.html", 0, 0, 0, 0, 0, 0, 0, 0, 0, 0, 0, 0, 0, 0, 0, 0, 0, 0, 0, 0, 0, 0, 0, 0, 0, 0, 0, 1, 0, 0, 0, 0, 1, 0, 0, 0, 0, 0, 0, 0, 0, 0, 0, 0, 0, 0, 0, 0, 0, 0, 0, 0, 0, 0, 0, 0, 0, 0	
"http://opencryptocurrencyreview.com/how-do-i-get-ethereum-account-no-credit-no-problem-the-affluence-network/", 0, 0, 0, 0, 0, 1, 0, 0, 0, 0, 0, 0, 0, 0, 0, 0, 0, 0, 0, 0, 0, 0, 0, 0, 0, 0, 0, 0, 0, 0, 0, 0, 0, 0, 0, 0, 0, 0, 0, 0, 0, 0, 0, 0, 0, 0, 0, 0, 0, 0, 0, 0, 0, 0, 1, 0, 0, 0	
"http://www.modaco.com/index.php?act=Attach&type=post&id=55384", 0, 0, 0, 0, 0, 0, 1, 0, 0, 0, 0, 0, 0, 0, 0, 0, 0, 0, 0, 0, 0, 0, 0, 0, 0, 0, 0, 0, 1, 0, 0, 0, 0, 0, 0, 0, 0, 0, 0, 0, 0, 0, 0, 1, 0, 0, 0, 0, 0, 0, 0, 0, 0, 0, 0, 0, 0, 0	
"http://www.modaco.com/index.php?sharelink=download;aHR0cDovL3d3dy5tb2RhY28uY29tL3RvcGljLzI0OTIyNi13ODEwaS13ZWJud2Fsay1tZXNzYWdlLWNvbmZ1c2lvbi8;VzgxMGkgLSBXZWImIzM5O24mIzM5O3dhbGsgbWVzc2FnZSBjb25mdXNpb24", 0, 1, 0, 0, 0, 0, 0, 0, 2, 0, 0, 0, 0, 0, 0, 0, 0, 0, 0, 0, 0, 0, 0, 0, 0, 0, 0, 0, 0, 0, 0, 0, 0, 0, 0, 0, 0, 0, 0, 0, 0, 0, 0, 0, 0, 0, 0, 0, 0, 0, 0, 0, 0, 2, 0, 0, 0, 0	
"https://theamericangenius.com/gadgets/smartphones-gadgets/iphone-app-streamlines-real-estate-search-for-consumers/", 1, 0, 0, 0, 0, 0, 0, 0, 0, 0, 0, 0, 0, 0, 0, 0, 0, 0, 0, 0, 0, 0, 0, 0, 0, 0, 0, 0, 0, 0, 0, 0, 0, 0, 0, 0, 0, 0, 0, 0, 0, 0, 0, 0, 0, 0, 0, 0, 0, 0, 0, 0, 0, 0, 0, 0, 0, 0	
"http://www.modaco.com/index.php?sharelink=email;aHR0cDovL3d3dy5tb2RhY28uY29tL3RvcGljLzM0NzgzMS1uZWVkLW1vcmUtaW5mb3JtYXRpb24tb24tdGhpcy1waG9uZS8;TmVlZCBtb3JlIGluZm9ybWF0aW9uIG9uIHRoaXMgcGhvbmU", 0, 1, 0, 0, 0, 0, 0, 0, 2, 0, 0, 0, 0, 0, 0, 0, 0, 0, 0, 0, 0, 0, 0, 3, 0, 0, 0, 0, 0, 0, 0, 0, 0, 0, 0, 0, 0, 0, 3, 0, 0, 0, 0, 0, 0, 0, 0, 0, 0, 0, 0, 0, 0, 2, 0, 0, 0, 0	
"http://www.growingupdisney.com/2010/11/view-from-first-row.html", 1, 0, 0, 0, 0, 0, 0, 1, 0, 0, 0, 0, 0, 0, 0, 0, 0, 0, 0, 0, 0, 0, 0, 0, 0, 0, 0, 0, 0, 0, 0, 0, 0, 0, 0, 0, 0, 0, 0, 0, 0, 0, 0, 0, 0, 0, 0, 0, 0, 0, 0, 0, 0, 0, 0, 0, 0, 0	
"http://jahrfeier-zella.de/android-top-new-games.php", 1, 0, 0, 0, 0, 0, 0, 0, 0, 0, 0, 0, 0, 0, 0, 0, 0, 0, 0, 0, 0, 0, 0, 0, 0, 0, 0, 0, 0, 0, 0, 0, 0, 0, 0, 0, 0, 0, 0, 0, 0, 0, 0, 0, 0, 0, 0, 1, 0, 0, 0, 0, 0, 0, 0, 0, 0, 0	
"http://www.device-boom.com/plum-optimax-8-0-hard-reset/", 0, 0, 0, 0, 0, 0, 0, 0, 0, 0, 0, 0, 0, 0, 0, 0, 0, 0, 0, 0, 0, 0, 0, 0, 0, 0, 0, 0, 0, 0, 0, 0, 0, 0, 0, 0, 0, 1, 0, 0, 0, 1, 0, 0, 0, 0, 0, 0, 0, 0, 0, 0, 0, 0, 0, 0, 0, 0	
"https://androidandme.com/2012/08/reviews/att-sony-xperia-ion-review/attachment/sony_xperia_ion-10/", 0, 0, 1, 0, 0, 0, 0, 0, 0, 0, 0, 0, 0, 0, 0, 0, 0, 0, 0, 0, 0, 0, 0, 0, 0, 0, 0, 0, 0, 0, 0, 0, 0, 0, 0, 0, 0, 0, 0, 0, 0, 0, 0, 0, 0, 0, 0, 0, 0, 0, 0, 0, 0, 0, 0, 0, 0, 0	
"https://wholesalecloneiphone7plus.wordpress.com/tag/11-clone-iphone-7-for-sale/", 0, 0, 0, 0, 0, 1, 0, 0, 0, 0, 0, 0, 0, 0, 0, 0, 0, 0, 0, 0, 0, 0, 1, 0, 0, 0, 0, 0, 0, 0, 0, 0, 0, 0, 0, 0, 0, 0, 0, 0, 0, 0, 0, 0, 0, 0, 0, 0, 0, 0, 0, 0, 0, 0, 0, 0, 0, 0	
"http://www.modaco.com/index.php?sharelink=blogthis;aHR0cDovL3d3dy5tb2RhY28uY29tL3RvcGljLzI2ODA1MS1uZXctdGV4dC1tZXNzYWdlLWZvbGRlci8;TmV3IFRleHQgTWVzc2FnZSBGb2xkZXI", 0, 0, 0, 0, 0, 0, 0, 0, 0, 0, 0, 0, 0, 0, 0, 0, 0, 0, 0, 0, 0, 0, 0, 3, 0, 0, 0, 0, 0, 0, 0, 0, 0, 0, 0, 0, 0, 0, 3, 0, 0, 0, 0, 0, 0, 0, 0, 0, 0, 0, 0, 0, 0, 0, 0, 0, 0, 0	
"http://www.firstpost.com/topic/cricket/indian-premier-league-profile-112345.html", 1, 0, 0, 0, 0, 0, 0, 0, 0, 0, 0, 0, 0, 0, 0, 0, 0, 0, 0, 0, 0, 0, 0, 0, 0, 0, 0, 0, 0, 0, 0, 0, 0, 0, 0, 0, 0, 0, 0, 0, 0, 0, 0, 0, 0, 0, 0, 0, 0, 0, 0, 0, 0, 0, 0, 0, 0, 0	
"http://www.modaco.com/index.php?sharelink=blogthis;aHR0cDovL3d3dy5tb2RhY28uY29tL3RvcGljLzM2MzcwNC15MzAwLTQxMS1jYW50LWZpbmQtYWxsLWFuaW1hdGlvbi1zZXR0aW5ncy8;WTMwMCA0LjEuMSBDYW4mIzM5O3QgZmluZCBhbGwgYW5pbWF0aW9uIHNldHRpbmdz", 0, 0, 0, 0, 0, 0, 0, 0, 2, 0, 0, 0, 0, 0, 0, 0, 0, 0, 0, 0, 0, 0, 0, 3, 0, 0, 0, 0, 0, 0, 0, 0, 0, 0, 0, 0, 0, 0, 3, 0, 0, 0, 0, 0, 0, 0, 0, 0, 0, 0, 0, 0, 0, 2, 0, 0, 0, 0	
"http://www.feedage.com/feeds/28625/all-about-symbian-uiq-news", 0, 4, 0, 1, 0, 0, 0, 0, 0, 0, 0, 0, 0, 0, 0, 0, 0, 0, 0, 0, 0, 0, 0, 0, 0, 0, 0, 0, 0, 0, 0, 0, 0, 0, 0, 0, 0, 2, 2, 0, 2, 0, 0, 0, 0, 0, 0, 0, 0, 0, 0, 0, 0, 0, 0, 0, 0, 0	
"https://blog.goodbarber.com/Apple-App-Store-guideline-4-2-6_a862.html", 0, 0, 0, 0, 0, 0, 0, 0, 0, 0, 0, 0, 0, 0, 0, 0, 0, 0, 0, 0, 0, 0, 0, 0, 0, 0, 0, 0, 0, 0, 0, 0, 0, 0, 0, 0, 0, 0, 0, 0, 0, 0, 0, 0, 0, 0, 0, 0, 0, 0, 0, 0, 0, 0, 0, 0, 0, 0	
"http://www.mundoios.net/2015/08/as-respostas-engracadas-da-siri-sobre-o-evento-especial-do-dia-9-de-setembro.html", 1, 0, 0, 0, 0, 0, 0, 0, 0, 0, 0, 0, 0, 0, 0, 0, 0, 0, 0, 0, 0, 0, 0, 0, 0, 0, 0, 0, 0, 0, 0, 0, 0, 0, 0, 0, 0, 0, 0, 0, 0, 0, 0, 0, 0, 0, 0, 0, 0, 0, 0, 0, 0, 0, 0, 0, 0, 0	
"http://redskywinery.com/ebooks/download-between-philosophy-and-theology%3A-contemporary-interpretations-of-christianity.html", 0, 0, 0, 0, 0, 0, 0, 0, 0, 0, 0, 0, 1, 0, 0, 0, 0, 0, 0, 0, 0, 0, 0, 0, 0, 0, 0, 0, 0, 0, 0, 0, 0, 0, 0, 0, 0, 0, 0, 0, 0, 0, 0, 0, 0, 0, 0, 0, 0, 0, 0, 0, 0, 0, 0, 0, 0, 0	
"http://www.modaco.com/index.php?sharelink=download;aHR0cDovL3d3dy5tb2RhY28uY29tL3RvcGljLzM2MDE1Mi1xLXdoYXQtZG8tdGhlc2Utc2V0dGluZ3MtbWVhbmRvLXVuZGVyLWFkdmFuY2Utc2V0dGluZ3Mv;USkgICBXaGF0IGRvIHRoZXNlIFNldHRpbmdzIG1lYW4vRG8_ICBVbmRlciBBZHZhbmNlIFNldHRpbmdz", 0, 0, 0, 0, 0, 0, 0, 0, 0, 0, 0, 0, 0, 0, 0, 0, 0, 0, 0, 0, 0, 0, 0, 0, 0, 0, 0, 0, 1, 0, 0, 0, 0, 0, 0, 0, 0, 0, 0, 0, 0, 0, 0, 1, 0, 0, 0, 0, 0, 0, 0, 0, 0, 0, 0, 0, 0, 0	
"http://www.modaco.com/index.php?sharelink=twitter;aHR0cDovL3d3dy5tb2RhY28uY29tL3RvcGljLzM1MTkwMS1mb3JnZXQtcGFzc3dvcmQv;Zm9yZ2V0IHBhc3N3b3Jk", 0, 0, 0, 0, 0, 0, 0, 0, 0, 0, 0, 0, 0, 0, 0, 0, 0, 0, 0, 0, 0, 0, 0, 0, 0, 0, 0, 0, 0, 0, 0, 0, 0, 0, 0, 0, 0, 0, 3, 0, 0, 0, 0, 0, 0, 0, 0, 0, 0, 0, 0, 0, 0, 0, 0, 0, 0, 0	
"https://www.mobilegamer.com.br/2011/12/gameloft-descontos-de-natal-em-jogos-para-android-e-java.html", 1, 0, 0, 0, 0, 0, 0, 0, 0, 0, 0, 0, 0, 0, 0, 0, 0, 0, 0, 0, 0, 0, 0, 0, 0, 0, 0, 0, 0, 0, 0, 0, 0, 0, 0, 0, 0, 0, 0, 0, 0, 0, 0, 0, 0, 0, 0, 0, 0, 0, 0, 0, 0, 0, 0, 0, 0, 0	
"https://www.mobilegamer.com.br/2011/03/trailer-kami-retro-iphone.html", 1, 0, 0, 0, 0, 0, 0, 0, 0, 0, 0, 0, 0, 0, 0, 0, 0, 0, 0, 0, 0, 0, 0, 0, 0, 0, 0, 0, 0, 0, 0, 0, 0, 0, 0, 0, 0, 0, 0, 0, 0, 0, 0, 0, 0, 0, 0, 0, 0, 0, 0, 0, 0, 0, 0, 0, 0, 0	
"http://www.modaco.com/index.php?sharelink=blogthis;aHR0cDovL3d3dy5tb2RhY28uY29tL3RvcGljLzI2ODg0Mi1odGMtczYyMC1rZXlib2FyZC1zZXR0aW5ncy8;SFRDIFM2MjAga2V5Ym9hcmQgc2V0dGluZ3M", 0, 0, 0, 0, 0, 0, 0, 0, 0, 0, 0, 0, 0, 0, 0, 0, 0, 0, 0, 0, 0, 0, 0, 3, 0, 0, 0, 0, 0, 0, 0, 0, 0, 0, 0, 0, 0, 0, 3, 0, 0, 0, 0, 0, 0, 0, 0, 0, 0, 0, 0, 0, 0, 0, 0, 0, 0, 0	
"http://www.x-drivers.com/news/hardware/12730", 0, 2, 0, 0, 0, 0, 0, 0, 0, 0, 0, 0, 0, 0, 0, 0, 0, 0, 0, 0, 0, 0, 0, 0, 0, 0, 0, 0, 0, 0, 0, 0, 0, 0, 0, 0, 0, 0, 0, 0, 0, 0, 0, 0, 0, 0, 0, 0, 0, 0, 0, 0, 0, 0, 0, 0, 0, 0	
"http://marioguillote.blogspot.com.ar/2013_02_01_archive.html", 1, 0, 0, 0, 0, 0, 0, 0, 0, 0, 0, 0, 0, 0, 0, 0, 0, 0, 0, 0, 0, 0, 0, 0, 0, 0, 0, 0, 0, 0, 0, 0, 0, 0, 0, 0, 0, 0, 0, 0, 0, 0, 0, 0, 0, 0, 0, 0, 0, 0, 0, 0, 0, 0, 0, 0, 0, 0	
"https://android-er.blogspot.com/2013/03/kick-start-google-maps-android-api-v2.html", 0, 0, 0, 0, 0, 0, 0, 0, 0, 0, 0, 0, 0, 0, 0, 0, 0, 0, 0, 0, 0, 0, 0, 0, 0, 0, 0, 0, 0, 0, 0, 0, 0, 0, 0, 0, 0, 0, 0, 0, 0, 0, 0, 0, 0, 0, 0, 0, 0, 0, 0, 0, 0, 0, 0, 0, 0, 0	
"http://www.multipelife.com/play-video-capture-in-camtasia.html", 0, 0, 0, 0, 0, 0, 0, 0, 0, 0, 0, 0, 0, 0, 0, 0, 0, 0, 0, 0, 0, 0, 1, 0, 0, 0, 0, 0, 0, 0, 0, 0, 0, 0, 0, 0, 0, 0, 0, 0, 0, 0, 0, 0, 0, 0, 0, 0, 0, 0, 0, 0, 0, 0, 0, 0, 0, 0	
"http://opencryptocurrencyreview.com/how-do-i-get-ethereum-account-no-credit-no-problem-the-affluence-network/", 0, 0, 0, 0, 0, 0, 0, 0, 0, 0, 0, 0, 0, 0, 0, 0, 0, 0, 0, 0, 0, 0, 0, 0, 0, 0, 0, 0, 0, 0, 0, 0, 0, 0, 0, 0, 0, 0, 0, 0, 0, 0, 0, 0, 0, 0, 0, 0, 0, 0, 0, 0, 0, 0, 0, 0, 0, 0	
"http://www.modaco.com/index.php?act=Attach&type=post&id=55384", 0, 0, 0, 0, 0, 0, 0, 0, 0, 0, 0, 0, 0, 0, 0, 0, 0, 0, 0, 0, 0, 0, 0, 0, 0, 0, 0, 0, 0, 0, 0, 0, 0, 0, 0, 0, 0, 0, 3, 0, 0, 0, 0, 0, 0, 0, 0, 0, 0, 0, 0, 0, 0, 0, 0, 0, 0, 0	
"http://www.modaco.com/index.php?sharelink=download;aHR0cDovL3d3dy5tb2RhY28uY29tL3RvcGljLzI0OTIyNi13ODEwaS13ZWJud2Fsay1tZXNzYWdlLWNvbmZ1c2lvbi8;VzgxMGkgLSBXZWImIzM5O24mIzM5O3dhbGsgbWVzc2FnZSBjb25mdXNpb24", 0, 0, 0, 0, 0, 0, 1, 0, 0, 0, 0, 0, 0, 0, 0, 0, 0, 0, 0, 0, 0, 0, 0, 0, 0, 0, 0, 0, 1, 0, 0, 0, 0, 0, 0, 0, 0, 0, 0, 0, 0, 0, 0, 1, 0, 0, 0, 0, 0, 0, 0, 0, 0, 0, 0, 0, 0, 0	
"https://theamericangenius.com/gadgets/smartphones-gadgets/iphone-app-streamlines-real-estate-search-for-consumers/", 0, 0, 0, 0, 0, 0, 0, 0, 0, 0, 0, 0, 0, 0, 0, 0, 0, 0, 0, 0, 0, 0, 1, 0, 0, 0, 0, 0, 0, 0, 0, 0, 4, 0, 0, 0, 0, 0, 0, 0, 0, 0, 0, 0, 0, 0, 0, 0, 0, 0, 0, 0, 0, 0, 0, 0, 0, 0	
"http://www.modaco.com/index.php?sharelink=email;aHR0cDovL3d3dy5tb2RhY28uY29tL3RvcGljLzM0NzgzMS1uZWVkLW1vcmUtaW5mb3JtYXRpb24tb24tdGhpcy1waG9uZS8;TmVlZCBtb3JlIGluZm9ybWF0aW9uIG9uIHRoaXMgcGhvbmU", 0, 0, 0, 0, 0, 0, 0, 0, 0, 0, 0, 0, 0, 0, 0, 0, 0, 0, 0, 0, 0, 0, 0, 0, 0, 0, 0, 0, 1, 0, 0, 0, 0, 0, 0, 0, 0, 0, 0, 0, 0, 0, 0, 1, 0, 0, 0, 0, 0, 0, 0, 0, 0, 0, 0, 0, 0, 0	
"http://www.x-drivers.com/news/hardware/13621", 0, 0, 0, 0, 0, 1, 0, 0, 0, 0, 0, 0, 0, 0, 0, 0, 0, 0, 0, 0, 0, 0, 0, 1, 0, 0, 0, 0, 0, 0, 0, 0, 0, 0, 0, 0, 0, 0, 1, 0, 0, 0, 0, 0, 0, 0, 0, 0, 0, 0, 0, 0, 0, 0, 0, 0, 0, 0	
"http://jahrfeier-zella.de/android-top-new-games.php", 0, 0, 0, 0, 0, 0, 0, 0, 0, 0, 0, 0, 0, 0, 0, 0, 0, 0, 0, 0, 0, 0, 0, 0, 0, 0, 0, 0, 0, 0, 0, 0, 1, 0, 0, 0, 0, 0, 0, 0, 0, 0, 0, 0, 0, 0, 0, 0, 0, 0, 0, 0, 0, 0, 0, 0, 0, 0	
"http://www.device-boom.com/plum-optimax-8-0-hard-reset/", 0, 0, 0, 0, 0, 0, 0, 0, 0, 0, 0, 0, 0, 0, 0, 0, 0, 0, 0, 0, 0, 0, 0, 0, 0, 0, 0, 0, 0, 0, 0, 0, 0, 0, 0, 0, 0, 0, 0, 0, 0, 0, 0, 0, 0, 0, 0, 0, 0, 0, 0, 0, 0, 0, 0, 0, 0, 0	
"https://hackaday.com/2017/12/04/upgrading-a-usb-soldering-iron/", 1, 0, 0, 0, 0, 0, 0, 0, 0, 0, 0, 0, 0, 0, 0, 0, 0, 0, 0, 0, 0, 0, 0, 0, 0, 0, 0, 0, 0, 0, 0, 0, 0, 0, 0, 0, 0, 0, 0, 0, 0, 0, 0, 0, 0, 0, 0, 0, 0, 0, 0, 0, 0, 0, 0, 0, 0, 0	
"http://www.modaco.com/index.php?sharelink=blogthis;aHR0cDovL3d3dy5tb2RhY28uY29tL3RvcGljLzI2ODA1MS1uZXctdGV4dC1tZXNzYWdlLWZvbGRlci8;TmV3IFRleHQgTWVzc2FnZSBGb2xkZXI", 0, 1, 0, 0, 0, 0, 0, 0, 2, 0, 0, 0, 0, 0, 0, 0, 0, 0, 0, 0, 0, 0, 0, 0, 0, 0, 0, 0, 0, 0, 0, 0, 0, 0, 0, 0, 0, 0, 0, 0, 0, 0, 0, 0, 0, 0, 0, 0, 0, 0, 0, 0, 0, 2, 0, 0, 0, 0	
"http://www.modaco.com/index.php?sharelink=blogthis;aHR0cDovL3d3dy5tb2RhY28uY29tL3RvcGljLzM2MzcwNC15MzAwLTQxMS1jYW50LWZpbmQtYWxsLWFuaW1hdGlvbi1zZXR0aW5ncy8;WTMwMCA0LjEuMSBDYW4mIzM5O3QgZmluZCBhbGwgYW5pbWF0aW9uIHNldHRpbmdz", 0, 1, 0, 0, 0, 0, 0, 0, 0, 0, 0, 0, 0, 0, 0, 0, 0, 0, 0, 0, 0, 0, 0, 0, 0, 0, 0, 0, 1, 0, 0, 0, 0, 0, 0, 0, 0, 0, 0, 0, 0, 0, 0, 0, 0, 0, 0, 0, 0, 0, 0, 0, 0, 0, 0, 0, 0, 0	
"http://www.feedage.com/feeds/28625/all-about-symbian-uiq-news", 0, 0, 0, 0, 0, 0, 0, 16, 16, 0, 16, 0, 4, 4, 0, 4, 0, 0, 0, 0, 0, 0, 0, 0, 0, 0, 0, 0, 0, 0, 0, 0, 0, 0, 0, 0, 0, 0, 0, 0, 0, 0, 0, 0, 0, 0, 0, 0, 0, 0, 0, 0, 0, 0, 0, 0, 0, 0	
"http://www.mundoios.net/2015/08/as-respostas-engracadas-da-siri-sobre-o-evento-especial-do-dia-9-de-setembro.html", 0, 0, 0, 0, 0, 1, 0, 0, 0, 0, 0, 0, 0, 0, 0, 0, 0, 0, 0, 0, 0, 0, 0, 0, 0, 0, 0, 0, 0, 0, 0, 0, 0, 0, 0, 0, 0, 0, 0, 0, 0, 0, 0, 0, 0, 0, 0, 0, 0, 0, 0, 0, 0, 0, 0, 0, 0, 0	
"http://redskywinery.com/ebooks/download-between-philosophy-and-theology%3A-contemporary-interpretations-of-christianity.html", 1, 0, 0, 0, 0, 0, 0, 1, 0, 0, 0, 0, 0, 0, 0, 0, 0, 1, 0, 0, 0, 0, 0, 0, 0, 0, 0, 0, 0, 0, 0, 0, 0, 0, 0, 0, 0, 0, 0, 0, 0, 0, 0, 0, 0, 0, 0, 0, 0, 0, 0, 0, 0, 0, 0, 0, 0, 0	
"http://www.modaco.com/index.php?sharelink=download;aHR0cDovL3d3dy5tb2RhY28uY29tL3RvcGljLzM2MDE1Mi1xLXdoYXQtZG8tdGhlc2Utc2V0dGluZ3MtbWVhbmRvLXVuZGVyLWFkdmFuY2Utc2V0dGluZ3Mv;USkgICBXaGF0IGRvIHRoZXNlIFNldHRpbmdzIG1lYW4vRG8_ICBVbmRlciBBZHZhbmNlIFNldHRpbmdz", 0, 0, 0, 0, 0, 0, 1, 0, 0, 0, 0, 0, 0, 0, 0, 0, 0, 0, 0, 0, 0, 0, 0, 0, 0, 0, 0, 0, 0, 0, 0, 0, 0, 0, 0, 0, 0, 0, 0, 0, 0, 0, 0, 0, 0, 0, 0, 0, 0, 0, 0, 0, 0, 0, 0, 0, 0, 0	
"http://www.modaco.com/index.php?sharelink=twitter;aHR0cDovL3d3dy5tb2RhY28uY29tL3RvcGljLzM1MTkwMS1mb3JnZXQtcGFzc3dvcmQv;Zm9yZ2V0IHBhc3N3b3Jk", 0, 1, 0, 0, 0, 0, 0, 0, 2, 0, 0, 0, 0, 0, 0, 0, 0, 0, 0, 0, 0, 0, 0, 3, 0, 0, 0, 0, 0, 0, 0, 0, 0, 0, 0, 0, 0, 0, 0, 0, 0, 0, 0, 0, 0, 0, 0, 0, 0, 0, 0, 0, 0, 2, 0, 0, 0, 0	
"http://karenfreberg.com/blog/uofl-social-media-class-analytics-monitoring-listening-via-toolsplatforms/", 1, 0, 0, 0, 0, 0, 0, 0, 0, 0, 0, 0, 0, 0, 0, 0, 0, 0, 0, 0, 0, 0, 0, 0, 0, 0, 0, 0, 0, 0, 0, 0, 0, 0, 0, 0, 0, 0, 0, 0, 0, 0, 0, 0, 0, 0, 0, 0, 0, 0, 0, 0, 0, 0, 0, 0, 0, 0	
"http://www.modaco.com/index.php?sharelink=blogthis;aHR0cDovL3d3dy5tb2RhY28uY29tL3RvcGljLzI2ODg0Mi1odGMtczYyMC1rZXlib2FyZC1zZXR0aW5ncy8;SFRDIFM2MjAga2V5Ym9hcmQgc2V0dGluZ3M", 0, 1, 0, 0, 0, 0, 0, 0, 2, 0, 0, 0, 0, 0, 0, 0, 0, 0, 0, 0, 0, 0, 0, 0, 0, 0, 0, 0, 0, 0, 0, 0, 0, 0, 0, 0, 0, 0, 0, 0, 0, 0, 0, 0, 0, 0, 0, 0, 0, 0, 0, 0, 0, 2, 0, 0, 0, 0	
"http://www.firstpost.com/ebook_download.php?id=103", 1, 0, 0, 0, 0, 0, 0, 0, 0, 0, 0, 0, 0, 0, 0, 0, 0, 0, 0, 0, 0, 0, 0, 0, 0, 0, 0, 0, 0, 0, 0, 0, 0, 0, 0, 0, 0, 0, 0, 0, 0, 0, 0, 0, 0, 0, 0, 0, 0, 0, 0, 0, 0, 0, 0, 0, 0, 0	
"https://android-er.blogspot.com/2013/03/kick-start-google-maps-android-api-v2.html", 0, 0, 0, 0, 0, 0, 1, 0, 0, 0, 0, 0, 0, 0, 0, 0, 0, 0, 0, 0, 0, 0, 0, 0, 0, 0, 0, 0, 0, 0, 0, 0, 0, 0, 0, 0, 0, 0, 0, 0, 0, 0, 0, 0, 0, 0, 0, 0, 0, 0, 0, 0, 0, 0, 0, 0, 0, 0	
"http://blog.protonmedia.com/2011/08/great-list-of-virtual-training-best.html", 0, 0, 0, 0, 0, 0, 0, 0, 0, 0, 0, 0, 0, 0, 0, 0, 0, 0, 0, 0, 0, 0, 0, 0, 0, 0, 0, 0, 0, 0, 0, 0, 0, 0, 0, 0, 0, 3, 0, 0, 0, 0, 0, 0, 0, 0, 0, 0, 0, 0, 0, 0, 0, 0, 0, 0, 0, 0	
"https://bitcoinmoneysystems.com/what-is-the-affluence-network-roi/", 0, 0, 0, 0, 0, 1, 0, 0, 0, 0, 0, 0, 0, 0, 0, 0, 0, 0, 0, 0, 0, 0, 0, 0, 0, 0, 0, 0, 0, 0, 0, 0, 0, 0, 0, 0, 0, 0, 0, 0, 0, 0, 0, 0, 0, 0, 0, 0, 0, 0, 0, 0, 0, 0, 2, 0, 0, 0	
"http://fix.lazyjeff.com/2011/02/microsoft-updates-windows-updates.html", 1, 0, 0, 0, 0, 0, 0, 0, 0, 0, 0, 0, 0, 0, 0, 0, 0, 0, 0, 0, 0, 0, 0, 0, 0, 0, 0, 0, 0, 0, 0, 0, 0, 0, 0, 0, 0, 0, 0, 0, 0, 0, 0, 0, 0, 0, 0, 0, 0, 0, 0, 0, 0, 0, 0, 0, 0, 0	
"http://www.modaco.com/index.php?act=Attach&type=post&id=55384", 0, 1, 0, 0, 0, 0, 0, 0, 2, 0, 0, 0, 0, 0, 0, 0, 0, 0, 0, 0, 0, 0, 0, 3, 0, 0, 0, 0, 0, 0, 0, 0, 0, 0, 0, 0, 0, 0, 0, 0, 0, 0, 0, 0, 0, 0, 0, 0, 0, 0, 0, 0, 0, 2, 0, 0, 0, 0	
"http://www.modaco.com/index.php?sharelink=download;aHR0cDovL3d3dy5tb2RhY28uY29tL3RvcGljLzI0OTIyNi13ODEwaS13ZWJud2Fsay1tZXNzYWdlLWNvbmZ1c2lvbi8;VzgxMGkgLSBXZWImIzM5O24mIzM5O3dhbGsgbWVzc2FnZSBjb25mdXNpb24", 0, 0, 0, 0, 0, 0, 0, 0, 0, 0, 0, 0, 0, 0, 0, 0, 0, 0, 0, 0, 0, 0, 0, 3, 0, 0, 0, 0, 0, 0, 0, 0, 0, 0, 0, 0, 0, 0, 3, 0, 0, 0, 0, 0, 0, 0, 0, 0, 0, 0, 0, 0, 0, 0, 0, 0, 0, 0	
"http://hoangdiep.net/tag/keyboard-test/", 0, 0, 0, 0, 0, 0, 2, 0, 0, 0, 0, 0, 0, 0, 0, 0, 0, 0, 0, 0, 0, 0, 0, 0, 0, 0, 0, 0, 0, 0, 0, 0, 0, 0, 0, 0, 0, 0, 0, 0, 0, 0, 0, 0, 0, 0, 0, 0, 0, 0, 0, 0, 0, 0, 0, 0, 0, 0	
"http://www.servingniches.com/testblog/category/free/page/2/", 1, 0, 0, 0, 0, 0, 0, 0, 0, 0, 0, 0, 0, 0, 0, 0, 0, 0, 0, 0, 0, 0, 0, 0, 0, 0, 0, 0, 0, 0, 0, 0, 0, 0, 0, 0, 0, 0, 0, 0, 0, 0, 0, 0, 0, 0, 0, 0, 0, 0, 0, 0, 0, 0, 0, 0, 0, 0	
"http://www.modaco.com/index.php?sharelink=email;aHR0cDovL3d3dy5tb2RhY28uY29tL3RvcGljLzM0NzgzMS1uZWVkLW1vcmUtaW5mb3JtYXRpb24tb24tdGhpcy1waG9uZS8;TmVlZCBtb3JlIGluZm9ybWF0aW9uIG9uIHRoaXMgcGhvbmU", 0, 0, 0, 0, 0, 0, 1, 0, 0, 0, 0, 0, 0, 0, 0, 0, 0, 0, 0, 0, 0, 0, 0, 0, 0, 0, 0, 0, 0, 0, 0, 0, 0, 0, 0, 0, 0, 0, 0, 0, 0, 0, 0, 0, 0, 0, 0, 0, 0, 0, 0, 0, 0, 0, 0, 0, 0, 0	
"http://www.growingupdisney.com/2010/11/view-from-first-row.html", 0, 0, 0, 0, 0, 0, 0, 0, 0, 0, 0, 0, 1, 0, 0, 0, 0, 0, 0, 0, 0, 0, 0, 0, 0, 0, 0, 0, 0, 0, 0, 0, 0, 0, 0, 0, 0, 0, 0, 0, 0, 0, 0, 0, 0, 0, 0, 0, 0, 0, 0, 0, 0, 0, 0, 0, 0, 0	
"http://www.x-drivers.com/news/hardware/13621", 0, 1, 0, 0, 0, 0, 0, 0, 0, 0, 0, 0, 0, 0, 0, 0, 0, 0, 0, 0, 0, 0, 0, 0, 0, 0, 0, 0, 0, 0, 0, 0, 0, 0, 0, 0, 0, 0, 0, 0, 0, 0, 0, 0, 0, 0, 0, 0, 0, 0, 0, 0, 0, 0, 0, 0, 0, 0	
"http://jahrfeier-zella.de/android-top-new-games.php", 0, 0, 0, 0, 0, 0, 0, 0, 0, 0, 0, 0, 0, 0, 0, 0, 0, 0, 0, 0, 0, 0, 1, 0, 0, 0, 0, 0, 0, 0, 0, 0, 0, 0, 0, 0, 0, 1, 0, 0, 0, 0, 0, 0, 0, 0, 0, 0, 0, 0, 0, 0, 0, 0, 0, 0, 0, 0	
"http://www.device-boom.com/plum-optimax-8-0-hard-reset/", 1, 0, 0, 0, 1, 0, 0, 0, 0, 0, 0, 0, 0, 0, 0, 0, 0, 0, 0, 0, 0, 0, 0, 0, 0, 0, 0, 0, 0, 0, 0, 0, 0, 0, 0, 0, 0, 0, 0, 0, 0, 0, 0, 0, 0, 0, 0, 0, 0, 0, 0, 0, 0, 0, 0, 0, 0, 0	
"https://wholesalecloneiphone7plus.wordpress.com/tag/11-clone-iphone-7-for-sale/", 1, 0, 0, 0, 0, 0, 0, 0, 0, 0, 0, 0, 0, 0, 0, 0, 0, 0, 0, 0, 0, 0, 0, 0, 0, 0, 0, 0, 0, 0, 0, 0, 0, 0, 0, 0, 0, 0, 0, 0, 0, 0, 0, 0, 0, 0, 0, 0, 0, 0, 0, 0, 0, 0, 0, 0, 0, 0	
"http://www.modaco.com/index.php?sharelink=blogthis;aHR0cDovL3d3dy5tb2RhY28uY29tL3RvcGljLzI2ODA1MS1uZXctdGV4dC1tZXNzYWdlLWZvbGRlci8;TmV3IFRleHQgTWVzc2FnZSBGb2xkZXI", 0, 0, 0, 0, 0, 0, 1, 0, 0, 0, 0, 0, 0, 0, 0, 0, 0, 0, 0, 0, 0, 0, 0, 0, 0, 0, 0, 0, 1, 0, 0, 0, 0, 0, 0, 0, 0, 0, 0, 0, 0, 0, 0, 1, 0, 0, 0, 0, 0, 0, 0, 0, 0, 0, 0, 0, 0, 0	
"http://www.modaco.com/index.php?sharelink=blogthis;aHR0cDovL3d3dy5tb2RhY28uY29tL3RvcGljLzM2MzcwNC15MzAwLTQxMS1jYW50LWZpbmQtYWxsLWFuaW1hdGlvbi1zZXR0aW5ncy8;WTMwMCA0LjEuMSBDYW4mIzM5O3QgZmluZCBhbGwgYW5pbWF0aW9uIHNldHRpbmdz", 0, 0, 0, 0, 0, 0, 1, 0, 0, 0, 0, 0, 0, 0, 0, 0, 0, 0, 0, 0, 0, 0, 0, 0, 0, 0, 0, 0, 0, 0, 0, 0, 0, 0, 0, 0, 0, 0, 0, 0, 0, 0, 0, 1, 0, 0, 0, 0, 0, 0, 0, 0, 0, 0, 0, 0, 0, 0	
"http://www.feedage.com/feeds/28625/all-about-symbian-uiq-news", 3, 0, 0, 0, 0, 0, 0, 0, 0, 0, 0, 0, 0, 0, 0, 0, 0, 14, 14, 0, 14, 0, 12, 12, 0, 12, 0, 1, 1, 0, 1, 0, 10, 10, 0, 10, 0, 0, 0, 0, 0, 0, 0, 0, 0, 0, 0, 3, 3, 0, 3, 0, 0, 0, 0, 0, 0, 0	
"https://blog.goodbarber.com/Apple-App-Store-guideline-4-2-6_a862.html", 0, 0, 0, 0, 0, 1, 0, 0, 0, 0, 0, 0, 0, 0, 0, 0, 0, 0, 0, 0, 0, 0, 0, 0, 0, 0, 0, 0, 0, 0, 0, 0, 0, 0, 0, 0, 0, 0, 0, 0, 0, 0, 0, 0, 0, 0, 0, 0, 0, 0, 0, 0, 0, 0, 0, 0, 0, 0	
"http://redskywinery.com/ebooks/download-between-philosophy-and-theology%3A-contemporary-interpretations-of-christianity.html", 0, 0, 0, 0, 0, 0, 0, 0, 0, 0, 0, 0, 0, 0, 0, 0, 0, 0, 0, 0, 0, 0, 1, 0, 0, 0, 0, 0, 0, 0, 0, 0, 0, 0, 0, 0, 0, 0, 0, 0, 0, 0, 0, 0, 0, 0, 0, 0, 0, 0, 0, 0, 0, 0, 0, 0, 0, 0	
"http://www.modaco.com/index.php?sharelink=download;aHR0cDovL3d3dy5tb2RhY28uY29tL3RvcGljLzM2MDE1Mi1xLXdoYXQtZG8tdGhlc2Utc2V0dGluZ3MtbWVhbmRvLXVuZGVyLWFkdmFuY2Utc2V0dGluZ3Mv;USkgICBXaGF0IGRvIHRoZXNlIFNldHRpbmdzIG1lYW4vRG8_ICBVbmRlciBBZHZhbmNlIFNldHRpbmdz", 0, 1, 0, 0, 0, 0, 0, 0, 2, 0, 0, 0, 0, 0, 0, 0, 0, 0, 0, 0, 0, 0, 0, 3, 0, 0, 0, 0, 0, 0, 0, 0, 0, 0, 0, 0, 0, 0, 3, 0, 0, 0, 0, 0, 0, 0, 0, 0, 0, 0, 0, 0, 0, 2, 0, 0, 0, 0	
"http://www.modaco.com/index.php?sharelink=twitter;aHR0cDovL3d3dy5tb2RhY28uY29tL3RvcGljLzM1MTkwMS1mb3JnZXQtcGFzc3dvcmQv;Zm9yZ2V0IHBhc3N3b3Jk", 0, 0, 0, 0, 0, 0, 1, 0, 0, 0, 0, 0, 0, 0, 0, 0, 0, 0, 0, 0, 0, 0, 0, 0, 0, 0, 0, 0, 1, 0, 0, 0, 0, 0, 0, 0, 0, 0, 0, 0, 0, 0, 0, 1, 0, 0, 0, 0, 0, 0, 0, 0, 0, 0, 0, 0, 0, 0	
"http://eclaravalls.es/consultor-tecnico-navision/", 0, 0, 0, 0, 0, 1, 0, 0, 0, 0, 0, 0, 0, 0, 0, 0, 0, 0, 0, 0, 0, 0, 0, 0, 0, 0, 0, 0, 0, 0, 0, 0, 0, 0, 0, 0, 0, 0, 0, 0, 0, 0, 0, 0, 0, 0, 0, 0, 0, 0, 0, 0, 0, 0, 0, 0, 0, 0	
"http://karenfreberg.com/blog/2017/03/17/", 1, 0, 0, 0, 0, 0, 0, 0, 0, 0, 0, 0, 0, 0, 0, 0, 0, 0, 0, 0, 0, 0, 0, 0, 0, 0, 0, 0, 0, 0, 0, 0, 0, 0, 0, 0, 0, 0, 0, 0, 0, 0, 0, 0, 0, 0, 0, 0, 0, 0, 0, 0, 0, 0, 0, 0, 0, 0	
"http://www.modaco.com/index.php?sharelink=blogthis;aHR0cDovL3d3dy5tb2RhY28uY29tL3RvcGljLzI2ODg0Mi1odGMtczYyMC1rZXlib2FyZC1zZXR0aW5ncy8;SFRDIFM2MjAga2V5Ym9hcmQgc2V0dGluZ3M", 0, 0, 0, 0, 0, 0, 1, 0, 0, 0, 0, 0, 0, 0, 0, 0, 0, 0, 0, 0, 0, 0, 0, 0, 0, 0, 0, 0, 1, 0, 0, 0, 0, 0, 0, 0, 0, 0, 0, 0, 0, 0, 0, 1, 0, 0, 0, 0, 0, 0, 0, 0, 0, 0, 0, 0, 0, 0	
"http://www.x-drivers.com/news/hardware/12730", 0, 0, 0, 0, 0, 1, 0, 0, 0, 0, 0, 0, 0, 0, 0, 0, 0, 0, 0, 0, 0, 0, 0, 1, 0, 0, 0, 0, 0, 0, 0, 0, 0, 0, 0, 0, 0, 0, 0, 0, 0, 0, 0, 0, 0, 0, 0, 0, 0, 0, 0, 0, 0, 0, 0, 0, 0, 0	
"http://blog.protonmedia.com/2011/08/great-list-of-virtual-training-best.html", 1, 0, 0, 0, 0, 0, 0, 1, 0, 0, 0, 0, 0, 0, 0, 0, 0, 0, 0, 0, 0, 0, 0, 0, 0, 0, 0, 0, 0, 0, 0, 0, 0, 0, 0, 0, 0, 0, 0, 0, 0, 0, 0, 0, 0, 0, 0, 0, 0, 0, 0, 0, 0, 0, 0, 0, 0, 0	
"https://bitcoinmoneysystems.com/what-is-the-affluence-network-roi/", 0, 0, 0, 0, 0, 0, 0, 0, 0, 0, 0, 0, 0, 0, 0, 0, 0, 0, 0, 0, 0, 0, 0, 0, 0, 0, 0, 0, 0, 0, 0, 0, 0, 0, 0, 0, 0, 0, 0, 0, 0, 0, 0, 0, 0, 0, 0, 0, 0, 0, 0, 0, 0, 0, 0, 0, 0, 0	
"http://www.multipelife.com/play-video-capture-in-camtasia.html", 1, 0, 0, 0, 0, 0, 0, 0, 0, 0, 0, 0, 0, 0, 0, 0, 0, 0, 0, 0, 0, 0, 0, 0, 0, 0, 0, 0, 0, 0, 0, 0, 0, 0, 0, 0, 0, 0, 0, 0, 0, 0, 0, 0, 0, 0, 0, 0, 0, 0, 0, 0, 0, 0, 0, 0, 0, 0	
"http://fix.lazyjeff.com/2011/02/microsoft-updates-windows-updates.html", 0, 0, 0, 0, 0, 0, 0, 0, 0, 0, 0, 0, 0, 0, 0, 0, 0, 0, 0, 0, 0, 0, 0, 0, 0, 0, 0, 1, 0, 0, 0, 0, 1, 0, 0, 0, 0, 0, 0, 0, 0, 0, 0, 0, 0, 0, 0, 0, 0, 0, 0, 0, 0, 0, 0, 0, 0, 0	
"http://opencryptocurrencyreview.com/how-do-i-get-ethereum-account-no-credit-no-problem-the-affluence-network/", 0, 0, 0, 0, 0, 1, 0, 0, 0, 0, 0, 0, 0, 0, 0, 0, 0, 0, 0, 0, 0, 0, 0, 0, 0, 0, 0, 0, 0, 0, 0, 0, 0, 0, 0, 0, 0, 0, 0, 0, 0, 0, 0, 0, 0, 0, 0, 0, 0, 0, 0, 0, 0, 0, 1, 0, 0, 0	
"http://www.modaco.com/index.php?act=Attach&type=post&id=55384", 0, 0, 0, 0, 0, 0, 1, 0, 0, 0, 0, 0, 0, 0, 0, 0, 0, 0, 0, 0, 0, 0, 0, 0, 0, 0, 0, 0, 1, 0, 0, 0, 0, 0, 0, 0, 0, 0, 0, 0, 0, 0, 0, 1, 0, 0, 0, 0, 0, 0, 0, 0, 0, 0, 0, 0, 0, 0	
"http://www.modaco.com/index.php?sharelink=download;aHR0cDovL3d3dy5tb2RhY28uY29tL3RvcGljLzI0OTIyNi13ODEwaS13ZWJud2Fsay1tZXNzYWdlLWNvbmZ1c2lvbi8;VzgxMGkgLSBXZWImIzM5O24mIzM5O3dhbGsgbWVzc2FnZSBjb25mdXNpb24", 0, 1, 0, 0, 0, 0, 0, 0, 2, 0, 0, 0, 0, 0, 0, 0, 0, 0, 0, 0, 0, 0, 0, 0, 0, 0, 0, 0, 0, 0, 0, 0, 0, 0, 0, 0, 0, 0, 0, 0, 0, 0, 0, 0, 0, 0, 0, 0, 0, 0, 0, 0, 0, 2, 0, 0, 0, 0	
"https://theamericangenius.com/gadgets/smartphones-gadgets/iphone-app-streamlines-real-estate-search-for-consumers/", 1, 0, 0, 0, 0, 0, 0, 0, 0, 0, 0, 0, 0, 0, 0, 0, 0, 0, 0, 0, 0, 0, 0, 0, 0, 0, 0, 0, 0, 0, 0, 0, 0, 0, 0, 0, 0, 0, 0, 0, 0, 0, 0, 0, 0, 0, 0, 0, 0, 0, 0, 0, 0, 0, 0, 0, 0, 0	
"http://www.modaco.com/index.php?sharelink=email;aHR0cDovL3d3dy5tb2RhY28uY29tL3RvcGljLzM0NzgzMS1uZWVkLW1vcmUtaW5mb3JtYXRpb24tb24tdGhpcy1waG9uZS8;TmVlZCBtb3JlIGluZm9ybWF0aW9uIG9uIHRoaXMgcGhvbmU", 0, 1, 0, 0, 0, 0, 0, 0, 2, 0, 0, 0, 0, 0, 0, 0, 0, 0, 0, 0, 0, 0, 0, 3, 0, 0, 0, 0, 0, 0, 0, 0, 0, 0, 0, 0, 0, 0, 3, 0, 0, 0, 0, 0, 0, 0, 0, 0, 0, 0, 0, 0, 0, 2, 0, 0, 0, 0	
