[{
		"Name": "segment_1512948511435.4_file_00026",
		"ActionOnFailure": "CONTINUE",
		"Jar": "/usr/lib/hadoop-mapreduce/hadoop-streaming.jar",
		"Args": [
			"-files", "s3://mapperreducerscripts1/Mapper.py,s3://mapperreducerscripts1/Reducer.py",
			"-mapper", "Mapper.py",
			"-reducer", "Reducer.py",
			"-input", "s3://commoncrawl/crawl-data/CC-MAIN-2017-51/segments/1512948511435.4/wet/CC-MAIN-20171210235516-20171211015516-00026.warc.wet.gz",
			"-output", "s3://testoutput1234/1512948511435.4_00026",
			"-inputformat", "TextInputFormat"
		]
	}, {
		"Name": "segment_1512948511435.4_file_00027",
		"ActionOnFailure": "CONTINUE",
		"Jar": "/usr/lib/hadoop-mapreduce/hadoop-streaming.jar",
		"Args": [
			"-files", "s3://mapperreducerscripts1/Mapper.py,s3://mapperreducerscripts1/Reducer.py",
			"-mapper", "Mapper.py",
			"-reducer", "Reducer.py",
			"-input", "s3://commoncrawl/crawl-data/CC-MAIN-2017-51/segments/1512948511435.4/wet/CC-MAIN-20171210235516-20171211015516-00027.warc.wet.gz",
			"-output", "s3://testoutput1234/1512948511435.4_00027",
			"-inputformat", "TextInputFormat"
		]
	},
	{
		"Name": "segment_1512948511435.4_file_00028",
		"ActionOnFailure": "CONTINUE",
		"Jar": "/usr/lib/hadoop-mapreduce/hadoop-streaming.jar",
		"Args": [
			"-files", "s3://mapperreducerscripts1/Mapper.py,s3://mapperreducerscripts1/Reducer.py",
			"-mapper", "Mapper.py",
			"-reducer", "Reducer.py",
			"-input", "s3://commoncrawl/crawl-data/CC-MAIN-2017-51/segments/1512948511435.4/wet/CC-MAIN-20171210235516-20171211015516-00028.warc.wet.gz",
			"-output", "s3://testoutput1234/1512948511435.4_00028",
			"-inputformat", "TextInputFormat"
		]
	},
	{
		"Name": "segment_1512948511435.4_file_00029",
		"ActionOnFailure": "CONTINUE",
		"Jar": "/usr/lib/hadoop-mapreduce/hadoop-streaming.jar",
		"Args": [
			"-files", "s3://mapperreducerscripts1/Mapper.py,s3://mapperreducerscripts1/Reducer.py",
			"-mapper", "Mapper.py",
			"-reducer", "Reducer.py",
			"-input", "s3://commoncrawl/crawl-data/CC-MAIN-2017-51/segments/1512948511435.4/wet/CC-MAIN-20171210235516-20171211015516-00029.warc.wet.gz",
			"-output", "s3://testoutput1234/1512948511435.4_00029",
			"-inputformat", "TextInputFormat"
		]
	},
	{
		"Name": "segment_1512948511435.4_file_00030",
		"ActionOnFailure": "CONTINUE",
		"Jar": "/usr/lib/hadoop-mapreduce/hadoop-streaming.jar",
		"Args": [
			"-files", "s3://mapperreducerscripts1/Mapper.py,s3://mapperreducerscripts1/Reducer.py",
			"-mapper", "Mapper.py",
			"-reducer", "Reducer.py",
			"-input", "s3://commoncrawl/crawl-data/CC-MAIN-2017-51/segments/1512948511435.4/wet/CC-MAIN-20171210235516-20171211015516-00030.warc.wet.gz",
			"-output", "s3://testoutput1234/1512948511435.4_00030",
			"-inputformat", "TextInputFormat"
		]
	},
	{
		"Name": "segment_1512948511435.4_file_00031",
		"ActionOnFailure": "CONTINUE",
		"Jar": "/usr/lib/hadoop-mapreduce/hadoop-streaming.jar",
		"Args": [
			"-files", "s3://mapperreducerscripts1/Mapper.py,s3://mapperreducerscripts1/Reducer.py",
			"-mapper", "Mapper.py",
			"-reducer", "Reducer.py",
			"-input", "s3://commoncrawl/crawl-data/CC-MAIN-2017-51/segments/1512948511435.4/wet/CC-MAIN-20171210235516-20171211015516-00031.warc.wet.gz",
			"-output", "s3://testoutput1234/1512948511435.4_00031",
			"-inputformat", "TextInputFormat"
		]
	},
	{
		"Name": "segment_1512948511435.4_file_00032",
		"ActionOnFailure": "CONTINUE",
		"Jar": "/usr/lib/hadoop-mapreduce/hadoop-streaming.jar",
		"Args": [
			"-files", "s3://mapperreducerscripts1/Mapper.py,s3://mapperreducerscripts1/Reducer.py",
			"-mapper", "Mapper.py",
			"-reducer", "Reducer.py",
			"-input", "s3://commoncrawl/crawl-data/CC-MAIN-2017-51/segments/1512948511435.4/wet/CC-MAIN-20171210235516-20171211015516-00032.warc.wet.gz",
			"-output", "s3://testoutput1234/1512948511435.4_00032",
			"-inputformat", "TextInputFormat"
		]
	},
	{
		"Name": "segment_1512948511435.4_file_00033",
		"ActionOnFailure": "CONTINUE",
		"Jar": "/usr/lib/hadoop-mapreduce/hadoop-streaming.jar",
		"Args": [
			"-files", "s3://mapperreducerscripts1/Mapper.py,s3://mapperreducerscripts1/Reducer.py",
			"-mapper", "Mapper.py",
			"-reducer", "Reducer.py",
			"-input", "s3://commoncrawl/crawl-data/CC-MAIN-2017-51/segments/1512948511435.4/wet/CC-MAIN-20171210235516-20171211015516-00033.warc.wet.gz",
			"-output", "s3://testoutput1234/1512948511435.4_00033",
			"-inputformat", "TextInputFormat"
		]
	},
	{
		"Name": "segment_1512948511435.4_file_00034",
		"ActionOnFailure": "CONTINUE",
		"Jar": "/usr/lib/hadoop-mapreduce/hadoop-streaming.jar",
		"Args": [
			"-files", "s3://mapperreducerscripts1/Mapper.py,s3://mapperreducerscripts1/Reducer.py",
			"-mapper", "Mapper.py",
			"-reducer", "Reducer.py",
			"-input", "s3://commoncrawl/crawl-data/CC-MAIN-2017-51/segments/1512948511435.4/wet/CC-MAIN-20171210235516-20171211015516-00034.warc.wet.gz",
			"-output", "s3://testoutput1234/1512948511435.4_00034",
			"-inputformat", "TextInputFormat"
		]
	},
	{
		"Name": "segment_1512948511435.4_file_00035",
		"ActionOnFailure": "CONTINUE",
		"Jar": "/usr/lib/hadoop-mapreduce/hadoop-streaming.jar",
		"Args": [
			"-files", "s3://mapperreducerscripts1/Mapper.py,s3://mapperreducerscripts1/Reducer.py",
			"-mapper", "Mapper.py",
			"-reducer", "Reducer.py",
			"-input", "s3://commoncrawl/crawl-data/CC-MAIN-2017-51/segments/1512948511435.4/wet/CC-MAIN-20171210235516-20171211015516-00035.warc.wet.gz",
			"-output", "s3://testoutput1234/1512948511435.4_00035",
			"-inputformat", "TextInputFormat"
		]
	},
	{
		"Name": "segment_1512948511435.4_file_00036",
		"ActionOnFailure": "CONTINUE",
		"Jar": "/usr/lib/hadoop-mapreduce/hadoop-streaming.jar",
		"Args": [
			"-files", "s3://mapperreducerscripts1/Mapper.py,s3://mapperreducerscripts1/Reducer.py",
			"-mapper", "Mapper.py",
			"-reducer", "Reducer.py",
			"-input", "s3://commoncrawl/crawl-data/CC-MAIN-2017-51/segments/1512948511435.4/wet/CC-MAIN-20171210235516-20171211015516-00036.warc.wet.gz",
			"-output", "s3://testoutput1234/1512948511435.4_00036",
			"-inputformat", "TextInputFormat"
		]
	},
	{
		"Name": "segment_1512948511435.4_file_00037",
		"ActionOnFailure": "CONTINUE",
		"Jar": "/usr/lib/hadoop-mapreduce/hadoop-streaming.jar",
		"Args": [
			"-files", "s3://mapperreducerscripts1/Mapper.py,s3://mapperreducerscripts1/Reducer.py",
			"-mapper", "Mapper.py",
			"-reducer", "Reducer.py",
			"-input", "s3://commoncrawl/crawl-data/CC-MAIN-2017-51/segments/1512948511435.4/wet/CC-MAIN-20171210235516-20171211015516-00037.warc.wet.gz",
			"-output", "s3://testoutput1234/1512948511435.4_00037",
			"-inputformat", "TextInputFormat"
		]
	},
	{
		"Name": "segment_1512948511435.4_file_00038",
		"ActionOnFailure": "CONTINUE",
		"Jar": "/usr/lib/hadoop-mapreduce/hadoop-streaming.jar",
		"Args": [
			"-files", "s3://mapperreducerscripts1/Mapper.py,s3://mapperreducerscripts1/Reducer.py",
			"-mapper", "Mapper.py",
			"-reducer", "Reducer.py",
			"-input", "s3://commoncrawl/crawl-data/CC-MAIN-2017-51/segments/1512948511435.4/wet/CC-MAIN-20171210235516-20171211015516-00038.warc.wet.gz",
			"-output", "s3://testoutput1234/1512948511435.4_00038",
			"-inputformat", "TextInputFormat"
		]
	},
	{
		"Name": "segment_1512948511435.4_file_00039",
		"ActionOnFailure": "CONTINUE",
		"Jar": "/usr/lib/hadoop-mapreduce/hadoop-streaming.jar",
		"Args": [
			"-files", "s3://mapperreducerscripts1/Mapper.py,s3://mapperreducerscripts1/Reducer.py",
			"-mapper", "Mapper.py",
			"-reducer", "Reducer.py",
			"-input", "s3://commoncrawl/crawl-data/CC-MAIN-2017-51/segments/1512948511435.4/wet/CC-MAIN-20171210235516-20171211015516-00039.warc.wet.gz",
			"-output", "s3://testoutput1234/1512948511435.4_00039",
			"-inputformat", "TextInputFormat"
		]
	},
	{
		"Name": "segment_1512948511435.4_file_00040",
		"ActionOnFailure": "CONTINUE",
		"Jar": "/usr/lib/hadoop-mapreduce/hadoop-streaming.jar",
		"Args": [
			"-files", "s3://mapperreducerscripts1/Mapper.py,s3://mapperreducerscripts1/Reducer.py",
			"-mapper", "Mapper.py",
			"-reducer", "Reducer.py",
			"-input", "s3://commoncrawl/crawl-data/CC-MAIN-2017-51/segments/1512948511435.4/wet/CC-MAIN-20171210235516-20171211015516-00040.warc.wet.gz",
			"-output", "s3://testoutput1234/1512948511435.4_00040",
			"-inputformat", "TextInputFormat"
		]
	},
	{
		"Name": "segment_1512948511435.4_file_00041",
		"ActionOnFailure": "CONTINUE",
		"Jar": "/usr/lib/hadoop-mapreduce/hadoop-streaming.jar",
		"Args": [
			"-files", "s3://mapperreducerscripts1/Mapper.py,s3://mapperreducerscripts1/Reducer.py",
			"-mapper", "Mapper.py",
			"-reducer", "Reducer.py",
			"-input", "s3://commoncrawl/crawl-data/CC-MAIN-2017-51/segments/1512948511435.4/wet/CC-MAIN-20171210235516-20171211015516-00041.warc.wet.gz",
			"-output", "s3://testoutput1234/1512948511435.4_00041",
			"-inputformat", "TextInputFormat"
		]
	},
	{
		"Name": "segment_1512948511435.4_file_00042",
		"ActionOnFailure": "CONTINUE",
		"Jar": "/usr/lib/hadoop-mapreduce/hadoop-streaming.jar",
		"Args": [
			"-files", "s3://mapperreducerscripts1/Mapper.py,s3://mapperreducerscripts1/Reducer.py",
			"-mapper", "Mapper.py",
			"-reducer", "Reducer.py",
			"-input", "s3://commoncrawl/crawl-data/CC-MAIN-2017-51/segments/1512948511435.4/wet/CC-MAIN-20171210235516-20171211015516-00042.warc.wet.gz",
			"-output", "s3://testoutput1234/1512948511435.4_00042",
			"-inputformat", "TextInputFormat"
		]
	},
	{
		"Name": "segment_1512948511435.4_file_00043",
		"ActionOnFailure": "CONTINUE",
		"Jar": "/usr/lib/hadoop-mapreduce/hadoop-streaming.jar",
		"Args": [
			"-files", "s3://mapperreducerscripts1/Mapper.py,s3://mapperreducerscripts1/Reducer.py",
			"-mapper", "Mapper.py",
			"-reducer", "Reducer.py",
			"-input", "s3://commoncrawl/crawl-data/CC-MAIN-2017-51/segments/1512948511435.4/wet/CC-MAIN-20171210235516-20171211015516-00043.warc.wet.gz",
			"-output", "s3://testoutput1234/1512948511435.4_00043",
			"-inputformat", "TextInputFormat"
		]
	},
	{
		"Name": "segment_1512948511435.4_file_00044",
		"ActionOnFailure": "CONTINUE",
		"Jar": "/usr/lib/hadoop-mapreduce/hadoop-streaming.jar",
		"Args": [
			"-files", "s3://mapperreducerscripts1/Mapper.py,s3://mapperreducerscripts1/Reducer.py",
			"-mapper", "Mapper.py",
			"-reducer", "Reducer.py",
			"-input", "s3://commoncrawl/crawl-data/CC-MAIN-2017-51/segments/1512948511435.4/wet/CC-MAIN-20171210235516-20171211015516-00044.warc.wet.gz",
			"-output", "s3://testoutput1234/1512948511435.4_00044",
			"-inputformat", "TextInputFormat"
		]
	},
	{
		"Name": "segment_1512948511435.4_file_00045",
		"ActionOnFailure": "CONTINUE",
		"Jar": "/usr/lib/hadoop-mapreduce/hadoop-streaming.jar",
		"Args": [
			"-files", "s3://mapperreducerscripts1/Mapper.py,s3://mapperreducerscripts1/Reducer.py",
			"-mapper", "Mapper.py",
			"-reducer", "Reducer.py",
			"-input", "s3://commoncrawl/crawl-data/CC-MAIN-2017-51/segments/1512948511435.4/wet/CC-MAIN-20171210235516-20171211015516-00045.warc.wet.gz",
			"-output", "s3://testoutput1234/1512948511435.4_00045",
			"-inputformat", "TextInputFormat"
		]
	},
	{
		"Name": "segment_1512948511435.4_file_00046",
		"ActionOnFailure": "CONTINUE",
		"Jar": "/usr/lib/hadoop-mapreduce/hadoop-streaming.jar",
		"Args": [
			"-files", "s3://mapperreducerscripts1/Mapper.py,s3://mapperreducerscripts1/Reducer.py",
			"-mapper", "Mapper.py",
			"-reducer", "Reducer.py",
			"-input", "s3://commoncrawl/crawl-data/CC-MAIN-2017-51/segments/1512948511435.4/wet/CC-MAIN-20171210235516-20171211015516-00046.warc.wet.gz",
			"-output", "s3://testoutput1234/1512948511435.4_00046",
			"-inputformat", "TextInputFormat"
		]
	},
	{
		"Name": "segment_1512948511435.4_file_00047",
		"ActionOnFailure": "CONTINUE",
		"Jar": "/usr/lib/hadoop-mapreduce/hadoop-streaming.jar",
		"Args": [
			"-files", "s3://mapperreducerscripts1/Mapper.py,s3://mapperreducerscripts1/Reducer.py",
			"-mapper", "Mapper.py",
			"-reducer", "Reducer.py",
			"-input", "s3://commoncrawl/crawl-data/CC-MAIN-2017-51/segments/1512948511435.4/wet/CC-MAIN-20171210235516-20171211015516-00047.warc.wet.gz",
			"-output", "s3://testoutput1234/1512948511435.4_00047",
			"-inputformat", "TextInputFormat"
		]
	},
	{
		"Name": "segment_1512948511435.4_file_00048",
		"ActionOnFailure": "CONTINUE",
		"Jar": "/usr/lib/hadoop-mapreduce/hadoop-streaming.jar",
		"Args": [
			"-files", "s3://mapperreducerscripts1/Mapper.py,s3://mapperreducerscripts1/Reducer.py",
			"-mapper", "Mapper.py",
			"-reducer", "Reducer.py",
			"-input", "s3://commoncrawl/crawl-data/CC-MAIN-2017-51/segments/1512948511435.4/wet/CC-MAIN-20171210235516-20171211015516-00048.warc.wet.gz",
			"-output", "s3://testoutput1234/1512948511435.4_00048",
			"-inputformat", "TextInputFormat"
		]
	},
	{
		"Name": "segment_1512948511435.4_file_00049",
		"ActionOnFailure": "CONTINUE",
		"Jar": "/usr/lib/hadoop-mapreduce/hadoop-streaming.jar",
		"Args": [
			"-files", "s3://mapperreducerscripts1/Mapper.py,s3://mapperreducerscripts1/Reducer.py",
			"-mapper", "Mapper.py",
			"-reducer", "Reducer.py",
			"-input", "s3://commoncrawl/crawl-data/CC-MAIN-2017-51/segments/1512948511435.4/wet/CC-MAIN-20171210235516-20171211015516-00049.warc.wet.gz",
			"-output", "s3://testoutput1234/1512948511435.4_00049",
			"-inputformat", "TextInputFormat"
		]
	},
	{
		"Name": "segment_1512948511435.4_file_00050",
		"ActionOnFailure": "CONTINUE",
		"Jar": "/usr/lib/hadoop-mapreduce/hadoop-streaming.jar",
		"Args": [
			"-files", "s3://mapperreducerscripts1/Mapper.py,s3://mapperreducerscripts1/Reducer.py",
			"-mapper", "Mapper.py",
			"-reducer", "Reducer.py",
			"-input", "s3://commoncrawl/crawl-data/CC-MAIN-2017-51/segments/1512948511435.4/wet/CC-MAIN-20171210235516-20171211015516-00050.warc.wet.gz",
			"-output", "s3://testoutput1234/1512948511435.4_00050",
			"-inputformat", "TextInputFormat"
		]
	},
	{
		"Name": "segment_1512948511435.4_file_00051",
		"ActionOnFailure": "CONTINUE",
		"Jar": "/usr/lib/hadoop-mapreduce/hadoop-streaming.jar",
		"Args": [
			"-files", "s3://mapperreducerscripts1/Mapper.py,s3://mapperreducerscripts1/Reducer.py",
			"-mapper", "Mapper.py",
			"-reducer", "Reducer.py",
			"-input", "s3://commoncrawl/crawl-data/CC-MAIN-2017-51/segments/1512948511435.4/wet/CC-MAIN-20171210235516-20171211015516-00051.warc.wet.gz",
			"-output", "s3://testoutput1234/1512948511435.4_00051",
			"-inputformat", "TextInputFormat"
		]
	},
	{
		"Name": "segment_1512948511435.4_file_00052",
		"ActionOnFailure": "CONTINUE",
		"Jar": "/usr/lib/hadoop-mapreduce/hadoop-streaming.jar",
		"Args": [
			"-files", "s3://mapperreducerscripts1/Mapper.py,s3://mapperreducerscripts1/Reducer.py",
			"-mapper", "Mapper.py",
			"-reducer", "Reducer.py",
			"-input", "s3://commoncrawl/crawl-data/CC-MAIN-2017-51/segments/1512948511435.4/wet/CC-MAIN-20171210235516-20171211015516-00052.warc.wet.gz",
			"-output", "s3://testoutput1234/1512948511435.4_00052",
			"-inputformat", "TextInputFormat"
		]
	},
	{
		"Name": "segment_1512948511435.4_file_00053",
		"ActionOnFailure": "CONTINUE",
		"Jar": "/usr/lib/hadoop-mapreduce/hadoop-streaming.jar",
		"Args": [
			"-files", "s3://mapperreducerscripts1/Mapper.py,s3://mapperreducerscripts1/Reducer.py",
			"-mapper", "Mapper.py",
			"-reducer", "Reducer.py",
			"-input", "s3://commoncrawl/crawl-data/CC-MAIN-2017-51/segments/1512948511435.4/wet/CC-MAIN-20171210235516-20171211015516-00053.warc.wet.gz",
			"-output", "s3://testoutput1234/1512948511435.4_00053",
			"-inputformat", "TextInputFormat"
		]
	},
	{
		"Name": "segment_1512948511435.4_file_00054",
		"ActionOnFailure": "CONTINUE",
		"Jar": "/usr/lib/hadoop-mapreduce/hadoop-streaming.jar",
		"Args": [
			"-files", "s3://mapperreducerscripts1/Mapper.py,s3://mapperreducerscripts1/Reducer.py",
			"-mapper", "Mapper.py",
			"-reducer", "Reducer.py",
			"-input", "s3://commoncrawl/crawl-data/CC-MAIN-2017-51/segments/1512948511435.4/wet/CC-MAIN-20171210235516-20171211015516-00054.warc.wet.gz",
			"-output", "s3://testoutput1234/1512948511435.4_00054",
			"-inputformat", "TextInputFormat"
		]
	},
	{
		"Name": "segment_1512948511435.4_file_00055",
		"ActionOnFailure": "CONTINUE",
		"Jar": "/usr/lib/hadoop-mapreduce/hadoop-streaming.jar",
		"Args": [
			"-files", "s3://mapperreducerscripts1/Mapper.py,s3://mapperreducerscripts1/Reducer.py",
			"-mapper", "Mapper.py",
			"-reducer", "Reducer.py",
			"-input", "s3://commoncrawl/crawl-data/CC-MAIN-2017-51/segments/1512948511435.4/wet/CC-MAIN-20171210235516-20171211015516-00055.warc.wet.gz",
			"-output", "s3://testoutput1234/1512948511435.4_00055",
			"-inputformat", "TextInputFormat"
		]
	},
	{
		"Name": "segment_1512948511435.4_file_00056",
		"ActionOnFailure": "CONTINUE",
		"Jar": "/usr/lib/hadoop-mapreduce/hadoop-streaming.jar",
		"Args": [
			"-files", "s3://mapperreducerscripts1/Mapper.py,s3://mapperreducerscripts1/Reducer.py",
			"-mapper", "Mapper.py",
			"-reducer", "Reducer.py",
			"-input", "s3://commoncrawl/crawl-data/CC-MAIN-2017-51/segments/1512948511435.4/wet/CC-MAIN-20171210235516-20171211015516-00056.warc.wet.gz",
			"-output", "s3://testoutput1234/1512948511435.4_00056",
			"-inputformat", "TextInputFormat"
		]
	},
	{
		"Name": "segment_1512948511435.4_file_00057",
		"ActionOnFailure": "CONTINUE",
		"Jar": "/usr/lib/hadoop-mapreduce/hadoop-streaming.jar",
		"Args": [
			"-files", "s3://mapperreducerscripts1/Mapper.py,s3://mapperreducerscripts1/Reducer.py",
			"-mapper", "Mapper.py",
			"-reducer", "Reducer.py",
			"-input", "s3://commoncrawl/crawl-data/CC-MAIN-2017-51/segments/1512948511435.4/wet/CC-MAIN-20171210235516-20171211015516-00057.warc.wet.gz",
			"-output", "s3://testoutput1234/1512948511435.4_00057",
			"-inputformat", "TextInputFormat"
		]
	},
	{
		"Name": "segment_1512948511435.4_file_00058",
		"ActionOnFailure": "CONTINUE",
		"Jar": "/usr/lib/hadoop-mapreduce/hadoop-streaming.jar",
		"Args": [
			"-files", "s3://mapperreducerscripts1/Mapper.py,s3://mapperreducerscripts1/Reducer.py",
			"-mapper", "Mapper.py",
			"-reducer", "Reducer.py",
			"-input", "s3://commoncrawl/crawl-data/CC-MAIN-2017-51/segments/1512948511435.4/wet/CC-MAIN-20171210235516-20171211015516-00058.warc.wet.gz",
			"-output", "s3://testoutput1234/1512948511435.4_00058",
			"-inputformat", "TextInputFormat"
		]
	},
	{
		"Name": "segment_1512948511435.4_file_00059",
		"ActionOnFailure": "CONTINUE",
		"Jar": "/usr/lib/hadoop-mapreduce/hadoop-streaming.jar",
		"Args": [
			"-files", "s3://mapperreducerscripts1/Mapper.py,s3://mapperreducerscripts1/Reducer.py",
			"-mapper", "Mapper.py",
			"-reducer", "Reducer.py",
			"-input", "s3://commoncrawl/crawl-data/CC-MAIN-2017-51/segments/1512948511435.4/wet/CC-MAIN-20171210235516-20171211015516-00059.warc.wet.gz",
			"-output", "s3://testoutput1234/1512948511435.4_00059",
			"-inputformat", "TextInputFormat"
		]
	},
	{
		"Name": "segment_1512948511435.4_file_00060",
		"ActionOnFailure": "CONTINUE",
		"Jar": "/usr/lib/hadoop-mapreduce/hadoop-streaming.jar",
		"Args": [
			"-files", "s3://mapperreducerscripts1/Mapper.py,s3://mapperreducerscripts1/Reducer.py",
			"-mapper", "Mapper.py",
			"-reducer", "Reducer.py",
			"-input", "s3://commoncrawl/crawl-data/CC-MAIN-2017-51/segments/1512948511435.4/wet/CC-MAIN-20171210235516-20171211015516-00060.warc.wet.gz",
			"-output", "s3://testoutput1234/1512948511435.4_00060",
			"-inputformat", "TextInputFormat"
		]
	},
	{
		"Name": "segment_1512948511435.4_file_00061",
		"ActionOnFailure": "CONTINUE",
		"Jar": "/usr/lib/hadoop-mapreduce/hadoop-streaming.jar",
		"Args": [
			"-files", "s3://mapperreducerscripts1/Mapper.py,s3://mapperreducerscripts1/Reducer.py",
			"-mapper", "Mapper.py",
			"-reducer", "Reducer.py",
			"-input", "s3://commoncrawl/crawl-data/CC-MAIN-2017-51/segments/1512948511435.4/wet/CC-MAIN-20171210235516-20171211015516-00061.warc.wet.gz",
			"-output", "s3://testoutput1234/1512948511435.4_00061",
			"-inputformat", "TextInputFormat"
		]
	},
	{
		"Name": "segment_1512948511435.4_file_00062",
		"ActionOnFailure": "CONTINUE",
		"Jar": "/usr/lib/hadoop-mapreduce/hadoop-streaming.jar",
		"Args": [
			"-files", "s3://mapperreducerscripts1/Mapper.py,s3://mapperreducerscripts1/Reducer.py",
			"-mapper", "Mapper.py",
			"-reducer", "Reducer.py",
			"-input", "s3://commoncrawl/crawl-data/CC-MAIN-2017-51/segments/1512948511435.4/wet/CC-MAIN-20171210235516-20171211015516-00062.warc.wet.gz",
			"-output", "s3://testoutput1234/1512948511435.4_00062",
			"-inputformat", "TextInputFormat"
		]
	},
	{
		"Name": "segment_1512948511435.4_file_00063",
		"ActionOnFailure": "CONTINUE",
		"Jar": "/usr/lib/hadoop-mapreduce/hadoop-streaming.jar",
		"Args": [
			"-files", "s3://mapperreducerscripts1/Mapper.py,s3://mapperreducerscripts1/Reducer.py",
			"-mapper", "Mapper.py",
			"-reducer", "Reducer.py",
			"-input", "s3://commoncrawl/crawl-data/CC-MAIN-2017-51/segments/1512948511435.4/wet/CC-MAIN-20171210235516-20171211015516-00063.warc.wet.gz",
			"-output", "s3://testoutput1234/1512948511435.4_00063",
			"-inputformat", "TextInputFormat"
		]
	},
	{
		"Name": "segment_1512948511435.4_file_00064",
		"ActionOnFailure": "CONTINUE",
		"Jar": "/usr/lib/hadoop-mapreduce/hadoop-streaming.jar",
		"Args": [
			"-files", "s3://mapperreducerscripts1/Mapper.py,s3://mapperreducerscripts1/Reducer.py",
			"-mapper", "Mapper.py",
			"-reducer", "Reducer.py",
			"-input", "s3://commoncrawl/crawl-data/CC-MAIN-2017-51/segments/1512948511435.4/wet/CC-MAIN-20171210235516-20171211015516-00064.warc.wet.gz",
			"-output", "s3://testoutput1234/1512948511435.4_00064",
			"-inputformat", "TextInputFormat"
		]
	},
	{
		"Name": "segment_1512948511435.4_file_00065",
		"ActionOnFailure": "CONTINUE",
		"Jar": "/usr/lib/hadoop-mapreduce/hadoop-streaming.jar",
		"Args": [
			"-files", "s3://mapperreducerscripts1/Mapper.py,s3://mapperreducerscripts1/Reducer.py",
			"-mapper", "Mapper.py",
			"-reducer", "Reducer.py",
			"-input", "s3://commoncrawl/crawl-data/CC-MAIN-2017-51/segments/1512948511435.4/wet/CC-MAIN-20171210235516-20171211015516-00065.warc.wet.gz",
			"-output", "s3://testoutput1234/1512948511435.4_00065",
			"-inputformat", "TextInputFormat"
		]
	},
	{
		"Name": "segment_1512948511435.4_file_00066",
		"ActionOnFailure": "CONTINUE",
		"Jar": "/usr/lib/hadoop-mapreduce/hadoop-streaming.jar",
		"Args": [
			"-files", "s3://mapperreducerscripts1/Mapper.py,s3://mapperreducerscripts1/Reducer.py",
			"-mapper", "Mapper.py",
			"-reducer", "Reducer.py",
			"-input", "s3://commoncrawl/crawl-data/CC-MAIN-2017-51/segments/1512948511435.4/wet/CC-MAIN-20171210235516-20171211015516-00066.warc.wet.gz",
			"-output", "s3://testoutput1234/1512948511435.4_00066",
			"-inputformat", "TextInputFormat"
		]
	},
	{
		"Name": "segment_1512948511435.4_file_00067",
		"ActionOnFailure": "CONTINUE",
		"Jar": "/usr/lib/hadoop-mapreduce/hadoop-streaming.jar",
		"Args": [
			"-files", "s3://mapperreducerscripts1/Mapper.py,s3://mapperreducerscripts1/Reducer.py",
			"-mapper", "Mapper.py",
			"-reducer", "Reducer.py",
			"-input", "s3://commoncrawl/crawl-data/CC-MAIN-2017-51/segments/1512948511435.4/wet/CC-MAIN-20171210235516-20171211015516-00067.warc.wet.gz",
			"-output", "s3://testoutput1234/1512948511435.4_00067",
			"-inputformat", "TextInputFormat"
		]
	},
	{
		"Name": "segment_1512948511435.4_file_00068",
		"ActionOnFailure": "CONTINUE",
		"Jar": "/usr/lib/hadoop-mapreduce/hadoop-streaming.jar",
		"Args": [
			"-files", "s3://mapperreducerscripts1/Mapper.py,s3://mapperreducerscripts1/Reducer.py",
			"-mapper", "Mapper.py",
			"-reducer", "Reducer.py",
			"-input", "s3://commoncrawl/crawl-data/CC-MAIN-2017-51/segments/1512948511435.4/wet/CC-MAIN-20171210235516-20171211015516-00068.warc.wet.gz",
			"-output", "s3://testoutput1234/1512948511435.4_00068",
			"-inputformat", "TextInputFormat"
		]
	},
	{
		"Name": "segment_1512948511435.4_file_00069",
		"ActionOnFailure": "CONTINUE",
		"Jar": "/usr/lib/hadoop-mapreduce/hadoop-streaming.jar",
		"Args": [
			"-files", "s3://mapperreducerscripts1/Mapper.py,s3://mapperreducerscripts1/Reducer.py",
			"-mapper", "Mapper.py",
			"-reducer", "Reducer.py",
			"-input", "s3://commoncrawl/crawl-data/CC-MAIN-2017-51/segments/1512948511435.4/wet/CC-MAIN-20171210235516-20171211015516-00069.warc.wet.gz",
			"-output", "s3://testoutput1234/1512948511435.4_00069",
			"-inputformat", "TextInputFormat"
		]
	},
	{
		"Name": "segment_1512948511435.4_file_00070",
		"ActionOnFailure": "CONTINUE",
		"Jar": "/usr/lib/hadoop-mapreduce/hadoop-streaming.jar",
		"Args": [
			"-files", "s3://mapperreducerscripts1/Mapper.py,s3://mapperreducerscripts1/Reducer.py",
			"-mapper", "Mapper.py",
			"-reducer", "Reducer.py",
			"-input", "s3://commoncrawl/crawl-data/CC-MAIN-2017-51/segments/1512948511435.4/wet/CC-MAIN-20171210235516-20171211015516-00070.warc.wet.gz",
			"-output", "s3://testoutput1234/1512948511435.4_00070",
			"-inputformat", "TextInputFormat"
		]
	},
	{
		"Name": "segment_1512948511435.4_file_00071",
		"ActionOnFailure": "CONTINUE",
		"Jar": "/usr/lib/hadoop-mapreduce/hadoop-streaming.jar",
		"Args": [
			"-files", "s3://mapperreducerscripts1/Mapper.py,s3://mapperreducerscripts1/Reducer.py",
			"-mapper", "Mapper.py",
			"-reducer", "Reducer.py",
			"-input", "s3://commoncrawl/crawl-data/CC-MAIN-2017-51/segments/1512948511435.4/wet/CC-MAIN-20171210235516-20171211015516-00071.warc.wet.gz",
			"-output", "s3://testoutput1234/1512948511435.4_00071",
			"-inputformat", "TextInputFormat"
		]
	},
	{
		"Name": "segment_1512948511435.4_file_00072",
		"ActionOnFailure": "CONTINUE",
		"Jar": "/usr/lib/hadoop-mapreduce/hadoop-streaming.jar",
		"Args": [
			"-files", "s3://mapperreducerscripts1/Mapper.py,s3://mapperreducerscripts1/Reducer.py",
			"-mapper", "Mapper.py",
			"-reducer", "Reducer.py",
			"-input", "s3://commoncrawl/crawl-data/CC-MAIN-2017-51/segments/1512948511435.4/wet/CC-MAIN-20171210235516-20171211015516-00072.warc.wet.gz",
			"-output", "s3://testoutput1234/1512948511435.4_00072",
			"-inputformat", "TextInputFormat"
		]
	},
	{
		"Name": "segment_1512948511435.4_file_00073",
		"ActionOnFailure": "CONTINUE",
		"Jar": "/usr/lib/hadoop-mapreduce/hadoop-streaming.jar",
		"Args": [
			"-files", "s3://mapperreducerscripts1/Mapper.py,s3://mapperreducerscripts1/Reducer.py",
			"-mapper", "Mapper.py",
			"-reducer", "Reducer.py",
			"-input", "s3://commoncrawl/crawl-data/CC-MAIN-2017-51/segments/1512948511435.4/wet/CC-MAIN-20171210235516-20171211015516-00073.warc.wet.gz",
			"-output", "s3://testoutput1234/1512948511435.4_00073",
			"-inputformat", "TextInputFormat"
		]
	},
	{
		"Name": "segment_1512948511435.4_file_00074",
		"ActionOnFailure": "CONTINUE",
		"Jar": "/usr/lib/hadoop-mapreduce/hadoop-streaming.jar",
		"Args": [
			"-files", "s3://mapperreducerscripts1/Mapper.py,s3://mapperreducerscripts1/Reducer.py",
			"-mapper", "Mapper.py",
			"-reducer", "Reducer.py",
			"-input", "s3://commoncrawl/crawl-data/CC-MAIN-2017-51/segments/1512948511435.4/wet/CC-MAIN-20171210235516-20171211015516-00074.warc.wet.gz",
			"-output", "s3://testoutput1234/1512948511435.4_00074",
			"-inputformat", "TextInputFormat"
		]
	},
	{
		"Name": "segment_1512948511435.4_file_00075",
		"ActionOnFailure": "CONTINUE",
		"Jar": "/usr/lib/hadoop-mapreduce/hadoop-streaming.jar",
		"Args": [
			"-files", "s3://mapperreducerscripts1/Mapper.py,s3://mapperreducerscripts1/Reducer.py",
			"-mapper", "Mapper.py",
			"-reducer", "Reducer.py",
			"-input", "s3://commoncrawl/crawl-data/CC-MAIN-2017-51/segments/1512948511435.4/wet/CC-MAIN-20171210235516-20171211015516-00075.warc.wet.gz",
			"-output", "s3://testoutput1234/1512948511435.4_00075",
			"-inputformat", "TextInputFormat"
		]
	},
	{
		"Name": "segment_1512948511435.4_file_00076",
		"ActionOnFailure": "CONTINUE",
		"Jar": "/usr/lib/hadoop-mapreduce/hadoop-streaming.jar",
		"Args": [
			"-files", "s3://mapperreducerscripts1/Mapper.py,s3://mapperreducerscripts1/Reducer.py",
			"-mapper", "Mapper.py",
			"-reducer", "Reducer.py",
			"-input", "s3://commoncrawl/crawl-data/CC-MAIN-2017-51/segments/1512948511435.4/wet/CC-MAIN-20171210235516-20171211015516-00076.warc.wet.gz",
			"-output", "s3://testoutput1234/1512948511435.4_00076",
			"-inputformat", "TextInputFormat"
		]
	},
	{
		"Name": "segment_1512948511435.4_file_00077",
		"ActionOnFailure": "CONTINUE",
		"Jar": "/usr/lib/hadoop-mapreduce/hadoop-streaming.jar",
		"Args": [
			"-files", "s3://mapperreducerscripts1/Mapper.py,s3://mapperreducerscripts1/Reducer.py",
			"-mapper", "Mapper.py",
			"-reducer", "Reducer.py",
			"-input", "s3://commoncrawl/crawl-data/CC-MAIN-2017-51/segments/1512948511435.4/wet/CC-MAIN-20171210235516-20171211015516-00077.warc.wet.gz",
			"-output", "s3://testoutput1234/1512948511435.4_00077",
			"-inputformat", "TextInputFormat"
		]
	},
	{
		"Name": "segment_1512948511435.4_file_00078",
		"ActionOnFailure": "CONTINUE",
		"Jar": "/usr/lib/hadoop-mapreduce/hadoop-streaming.jar",
		"Args": [
			"-files", "s3://mapperreducerscripts1/Mapper.py,s3://mapperreducerscripts1/Reducer.py",
			"-mapper", "Mapper.py",
			"-reducer", "Reducer.py",
			"-input", "s3://commoncrawl/crawl-data/CC-MAIN-2017-51/segments/1512948511435.4/wet/CC-MAIN-20171210235516-20171211015516-00078.warc.wet.gz",
			"-output", "s3://testoutput1234/1512948511435.4_00078",
			"-inputformat", "TextInputFormat"
		]
	},
	{
		"Name": "segment_1512948511435.4_file_00079",
		"ActionOnFailure": "CONTINUE",
		"Jar": "/usr/lib/hadoop-mapreduce/hadoop-streaming.jar",
		"Args": [
			"-files", "s3://mapperreducerscripts1/Mapper.py,s3://mapperreducerscripts1/Reducer.py",
			"-mapper", "Mapper.py",
			"-reducer", "Reducer.py",
			"-input", "s3://commoncrawl/crawl-data/CC-MAIN-2017-51/segments/1512948511435.4/wet/CC-MAIN-20171210235516-20171211015516-00079.warc.wet.gz",
			"-output", "s3://testoutput1234/1512948511435.4_00079",
			"-inputformat", "TextInputFormat"
		]
	},
	{
		"Name": "segment_1512948511435.4_file_00080",
		"ActionOnFailure": "CONTINUE",
		"Jar": "/usr/lib/hadoop-mapreduce/hadoop-streaming.jar",
		"Args": [
			"-files", "s3://mapperreducerscripts1/Mapper.py,s3://mapperreducerscripts1/Reducer.py",
			"-mapper", "Mapper.py",
			"-reducer", "Reducer.py",
			"-input", "s3://commoncrawl/crawl-data/CC-MAIN-2017-51/segments/1512948511435.4/wet/CC-MAIN-20171210235516-20171211015516-00080.warc.wet.gz",
			"-output", "s3://testoutput1234/1512948511435.4_00080",
			"-inputformat", "TextInputFormat"
		]
	},
	{
		"Name": "segment_1512948511435.4_file_00081",
		"ActionOnFailure": "CONTINUE",
		"Jar": "/usr/lib/hadoop-mapreduce/hadoop-streaming.jar",
		"Args": [
			"-files", "s3://mapperreducerscripts1/Mapper.py,s3://mapperreducerscripts1/Reducer.py",
			"-mapper", "Mapper.py",
			"-reducer", "Reducer.py",
			"-input", "s3://commoncrawl/crawl-data/CC-MAIN-2017-51/segments/1512948511435.4/wet/CC-MAIN-20171210235516-20171211015516-00081.warc.wet.gz",
			"-output", "s3://testoutput1234/1512948511435.4_00081",
			"-inputformat", "TextInputFormat"
		]
	},
	{
		"Name": "segment_1512948511435.4_file_00082",
		"ActionOnFailure": "CONTINUE",
		"Jar": "/usr/lib/hadoop-mapreduce/hadoop-streaming.jar",
		"Args": [
			"-files", "s3://mapperreducerscripts1/Mapper.py,s3://mapperreducerscripts1/Reducer.py",
			"-mapper", "Mapper.py",
			"-reducer", "Reducer.py",
			"-input", "s3://commoncrawl/crawl-data/CC-MAIN-2017-51/segments/1512948511435.4/wet/CC-MAIN-20171210235516-20171211015516-00082.warc.wet.gz",
			"-output", "s3://testoutput1234/1512948511435.4_00082",
			"-inputformat", "TextInputFormat"
		]
	},
	{
		"Name": "segment_1512948511435.4_file_00083",
		"ActionOnFailure": "CONTINUE",
		"Jar": "/usr/lib/hadoop-mapreduce/hadoop-streaming.jar",
		"Args": [
			"-files", "s3://mapperreducerscripts1/Mapper.py,s3://mapperreducerscripts1/Reducer.py",
			"-mapper", "Mapper.py",
			"-reducer", "Reducer.py",
			"-input", "s3://commoncrawl/crawl-data/CC-MAIN-2017-51/segments/1512948511435.4/wet/CC-MAIN-20171210235516-20171211015516-00083.warc.wet.gz",
			"-output", "s3://testoutput1234/1512948511435.4_00083",
			"-inputformat", "TextInputFormat"
		]
	},
	{
		"Name": "segment_1512948511435.4_file_00084",
		"ActionOnFailure": "CONTINUE",
		"Jar": "/usr/lib/hadoop-mapreduce/hadoop-streaming.jar",
		"Args": [
			"-files", "s3://mapperreducerscripts1/Mapper.py,s3://mapperreducerscripts1/Reducer.py",
			"-mapper", "Mapper.py",
			"-reducer", "Reducer.py",
			"-input", "s3://commoncrawl/crawl-data/CC-MAIN-2017-51/segments/1512948511435.4/wet/CC-MAIN-20171210235516-20171211015516-00084.warc.wet.gz",
			"-output", "s3://testoutput1234/1512948511435.4_00084",
			"-inputformat", "TextInputFormat"
		]
	},
	{
		"Name": "segment_1512948511435.4_file_00085",
		"ActionOnFailure": "CONTINUE",
		"Jar": "/usr/lib/hadoop-mapreduce/hadoop-streaming.jar",
		"Args": [
			"-files", "s3://mapperreducerscripts1/Mapper.py,s3://mapperreducerscripts1/Reducer.py",
			"-mapper", "Mapper.py",
			"-reducer", "Reducer.py",
			"-input", "s3://commoncrawl/crawl-data/CC-MAIN-2017-51/segments/1512948511435.4/wet/CC-MAIN-20171210235516-20171211015516-00085.warc.wet.gz",
			"-output", "s3://testoutput1234/1512948511435.4_00085",
			"-inputformat", "TextInputFormat"
		]
	},
	{
		"Name": "segment_1512948511435.4_file_00086",
		"ActionOnFailure": "CONTINUE",
		"Jar": "/usr/lib/hadoop-mapreduce/hadoop-streaming.jar",
		"Args": [
			"-files", "s3://mapperreducerscripts1/Mapper.py,s3://mapperreducerscripts1/Reducer.py",
			"-mapper", "Mapper.py",
			"-reducer", "Reducer.py",
			"-input", "s3://commoncrawl/crawl-data/CC-MAIN-2017-51/segments/1512948511435.4/wet/CC-MAIN-20171210235516-20171211015516-00086.warc.wet.gz",
			"-output", "s3://testoutput1234/1512948511435.4_00086",
			"-inputformat", "TextInputFormat"
		]
	},
	{
		"Name": "segment_1512948511435.4_file_00087",
		"ActionOnFailure": "CONTINUE",
		"Jar": "/usr/lib/hadoop-mapreduce/hadoop-streaming.jar",
		"Args": [
			"-files", "s3://mapperreducerscripts1/Mapper.py,s3://mapperreducerscripts1/Reducer.py",
			"-mapper", "Mapper.py",
			"-reducer", "Reducer.py",
			"-input", "s3://commoncrawl/crawl-data/CC-MAIN-2017-51/segments/1512948511435.4/wet/CC-MAIN-20171210235516-20171211015516-00087.warc.wet.gz",
			"-output", "s3://testoutput1234/1512948511435.4_00087",
			"-inputformat", "TextInputFormat"
		]
	},
	{
		"Name": "segment_1512948511435.4_file_00088",
		"ActionOnFailure": "CONTINUE",
		"Jar": "/usr/lib/hadoop-mapreduce/hadoop-streaming.jar",
		"Args": [
			"-files", "s3://mapperreducerscripts1/Mapper.py,s3://mapperreducerscripts1/Reducer.py",
			"-mapper", "Mapper.py",
			"-reducer", "Reducer.py",
			"-input", "s3://commoncrawl/crawl-data/CC-MAIN-2017-51/segments/1512948511435.4/wet/CC-MAIN-20171210235516-20171211015516-00088.warc.wet.gz",
			"-output", "s3://testoutput1234/1512948511435.4_00088",
			"-inputformat", "TextInputFormat"
		]
	},
	{
		"Name": "segment_1512948511435.4_file_00089",
		"ActionOnFailure": "CONTINUE",
		"Jar": "/usr/lib/hadoop-mapreduce/hadoop-streaming.jar",
		"Args": [
			"-files", "s3://mapperreducerscripts1/Mapper.py,s3://mapperreducerscripts1/Reducer.py",
			"-mapper", "Mapper.py",
			"-reducer", "Reducer.py",
			"-input", "s3://commoncrawl/crawl-data/CC-MAIN-2017-51/segments/1512948511435.4/wet/CC-MAIN-20171210235516-20171211015516-00089.warc.wet.gz",
			"-output", "s3://testoutput1234/1512948511435.4_00089",
			"-inputformat", "TextInputFormat"
		]
	},
	{
		"Name": "segment_1512948511435.4_file_00090",
		"ActionOnFailure": "CONTINUE",
		"Jar": "/usr/lib/hadoop-mapreduce/hadoop-streaming.jar",
		"Args": [
			"-files", "s3://mapperreducerscripts1/Mapper.py,s3://mapperreducerscripts1/Reducer.py",
			"-mapper", "Mapper.py",
			"-reducer", "Reducer.py",
			"-input", "s3://commoncrawl/crawl-data/CC-MAIN-2017-51/segments/1512948511435.4/wet/CC-MAIN-20171210235516-20171211015516-00090.warc.wet.gz",
			"-output", "s3://testoutput1234/1512948511435.4_00090",
			"-inputformat", "TextInputFormat"
		]
	},
	{
		"Name": "segment_1512948511435.4_file_00091",
		"ActionOnFailure": "CONTINUE",
		"Jar": "/usr/lib/hadoop-mapreduce/hadoop-streaming.jar",
		"Args": [
			"-files", "s3://mapperreducerscripts1/Mapper.py,s3://mapperreducerscripts1/Reducer.py",
			"-mapper", "Mapper.py",
			"-reducer", "Reducer.py",
			"-input", "s3://commoncrawl/crawl-data/CC-MAIN-2017-51/segments/1512948511435.4/wet/CC-MAIN-20171210235516-20171211015516-00091.warc.wet.gz",
			"-output", "s3://testoutput1234/1512948511435.4_00091",
			"-inputformat", "TextInputFormat"
		]
	},
	{
		"Name": "segment_1512948511435.4_file_00092",
		"ActionOnFailure": "CONTINUE",
		"Jar": "/usr/lib/hadoop-mapreduce/hadoop-streaming.jar",
		"Args": [
			"-files", "s3://mapperreducerscripts1/Mapper.py,s3://mapperreducerscripts1/Reducer.py",
			"-mapper", "Mapper.py",
			"-reducer", "Reducer.py",
			"-input", "s3://commoncrawl/crawl-data/CC-MAIN-2017-51/segments/1512948511435.4/wet/CC-MAIN-20171210235516-20171211015516-00092.warc.wet.gz",
			"-output", "s3://testoutput1234/1512948511435.4_00092",
			"-inputformat", "TextInputFormat"
		]
	},
	{
		"Name": "segment_1512948511435.4_file_00093",
		"ActionOnFailure": "CONTINUE",
		"Jar": "/usr/lib/hadoop-mapreduce/hadoop-streaming.jar",
		"Args": [
			"-files", "s3://mapperreducerscripts1/Mapper.py,s3://mapperreducerscripts1/Reducer.py",
			"-mapper", "Mapper.py",
			"-reducer", "Reducer.py",
			"-input", "s3://commoncrawl/crawl-data/CC-MAIN-2017-51/segments/1512948511435.4/wet/CC-MAIN-20171210235516-20171211015516-00093.warc.wet.gz",
			"-output", "s3://testoutput1234/1512948511435.4_00093",
			"-inputformat", "TextInputFormat"
		]
	},
	{
		"Name": "segment_1512948511435.4_file_00094",
		"ActionOnFailure": "CONTINUE",
		"Jar": "/usr/lib/hadoop-mapreduce/hadoop-streaming.jar",
		"Args": [
			"-files", "s3://mapperreducerscripts1/Mapper.py,s3://mapperreducerscripts1/Reducer.py",
			"-mapper", "Mapper.py",
			"-reducer", "Reducer.py",
			"-input", "s3://commoncrawl/crawl-data/CC-MAIN-2017-51/segments/1512948511435.4/wet/CC-MAIN-20171210235516-20171211015516-00094.warc.wet.gz",
			"-output", "s3://testoutput1234/1512948511435.4_00094",
			"-inputformat", "TextInputFormat"
		]
	},
	{
		"Name": "segment_1512948511435.4_file_00095",
		"ActionOnFailure": "CONTINUE",
		"Jar": "/usr/lib/hadoop-mapreduce/hadoop-streaming.jar",
		"Args": [
			"-files", "s3://mapperreducerscripts1/Mapper.py,s3://mapperreducerscripts1/Reducer.py",
			"-mapper", "Mapper.py",
			"-reducer", "Reducer.py",
			"-input", "s3://commoncrawl/crawl-data/CC-MAIN-2017-51/segments/1512948511435.4/wet/CC-MAIN-20171210235516-20171211015516-00095.warc.wet.gz",
			"-output", "s3://testoutput1234/1512948511435.4_00095",
			"-inputformat", "TextInputFormat"
		]
	},
	{
		"Name": "segment_1512948511435.4_file_00096",
		"ActionOnFailure": "CONTINUE",
		"Jar": "/usr/lib/hadoop-mapreduce/hadoop-streaming.jar",
		"Args": [
			"-files", "s3://mapperreducerscripts1/Mapper.py,s3://mapperreducerscripts1/Reducer.py",
			"-mapper", "Mapper.py",
			"-reducer", "Reducer.py",
			"-input", "s3://commoncrawl/crawl-data/CC-MAIN-2017-51/segments/1512948511435.4/wet/CC-MAIN-20171210235516-20171211015516-00096.warc.wet.gz",
			"-output", "s3://testoutput1234/1512948511435.4_00096",
			"-inputformat", "TextInputFormat"
		]
	},
	{
		"Name": "segment_1512948511435.4_file_00097",
		"ActionOnFailure": "CONTINUE",
		"Jar": "/usr/lib/hadoop-mapreduce/hadoop-streaming.jar",
		"Args": [
			"-files", "s3://mapperreducerscripts1/Mapper.py,s3://mapperreducerscripts1/Reducer.py",
			"-mapper", "Mapper.py",
			"-reducer", "Reducer.py",
			"-input", "s3://commoncrawl/crawl-data/CC-MAIN-2017-51/segments/1512948511435.4/wet/CC-MAIN-20171210235516-20171211015516-00097.warc.wet.gz",
			"-output", "s3://testoutput1234/1512948511435.4_00097",
			"-inputformat", "TextInputFormat"
		]
	},
	{
		"Name": "segment_1512948511435.4_file_00098",
		"ActionOnFailure": "CONTINUE",
		"Jar": "/usr/lib/hadoop-mapreduce/hadoop-streaming.jar",
		"Args": [
			"-files", "s3://mapperreducerscripts1/Mapper.py,s3://mapperreducerscripts1/Reducer.py",
			"-mapper", "Mapper.py",
			"-reducer", "Reducer.py",
			"-input", "s3://commoncrawl/crawl-data/CC-MAIN-2017-51/segments/1512948511435.4/wet/CC-MAIN-20171210235516-20171211015516-00098.warc.wet.gz",
			"-output", "s3://testoutput1234/1512948511435.4_00098",
			"-inputformat", "TextInputFormat"
		]
	},
	{
		"Name": "segment_1512948511435.4_file_00099",
		"ActionOnFailure": "CONTINUE",
		"Jar": "/usr/lib/hadoop-mapreduce/hadoop-streaming.jar",
		"Args": [
			"-files", "s3://mapperreducerscripts1/Mapper.py,s3://mapperreducerscripts1/Reducer.py",
			"-mapper", "Mapper.py",
			"-reducer", "Reducer.py",
			"-input", "s3://commoncrawl/crawl-data/CC-MAIN-2017-51/segments/1512948511435.4/wet/CC-MAIN-20171210235516-20171211015516-00099.warc.wet.gz",
			"-output", "s3://testoutput1234/1512948511435.4_00099",
			"-inputformat", "TextInputFormat"
		]
	},
	{
		"Name": "segment_1512948511435.4_file_00100",
		"ActionOnFailure": "CONTINUE",
		"Jar": "/usr/lib/hadoop-mapreduce/hadoop-streaming.jar",
		"Args": [
			"-files", "s3://mapperreducerscripts1/Mapper.py,s3://mapperreducerscripts1/Reducer.py",
			"-mapper", "Mapper.py",
			"-reducer", "Reducer.py",
			"-input", "s3://commoncrawl/crawl-data/CC-MAIN-2017-51/segments/1512948511435.4/wet/CC-MAIN-20171210235516-20171211015516-00100.warc.wet.gz",
			"-output", "s3://testoutput1234/1512948511435.4_00100",
			"-inputformat", "TextInputFormat"
		]
	},
	{
		"Name": "segment_1512948511435.4_file_00101",
		"ActionOnFailure": "CONTINUE",
		"Jar": "/usr/lib/hadoop-mapreduce/hadoop-streaming.jar",
		"Args": [
			"-files", "s3://mapperreducerscripts1/Mapper.py,s3://mapperreducerscripts1/Reducer.py",
			"-mapper", "Mapper.py",
			"-reducer", "Reducer.py",
			"-input", "s3://commoncrawl/crawl-data/CC-MAIN-2017-51/segments/1512948511435.4/wet/CC-MAIN-20171210235516-20171211015516-00101.warc.wet.gz",
			"-output", "s3://testoutput1234/1512948511435.4_00101",
			"-inputformat", "TextInputFormat"
		]
	},
	{
		"Name": "segment_1512948511435.4_file_00102",
		"ActionOnFailure": "CONTINUE",
		"Jar": "/usr/lib/hadoop-mapreduce/hadoop-streaming.jar",
		"Args": [
			"-files", "s3://mapperreducerscripts1/Mapper.py,s3://mapperreducerscripts1/Reducer.py",
			"-mapper", "Mapper.py",
			"-reducer", "Reducer.py",
			"-input", "s3://commoncrawl/crawl-data/CC-MAIN-2017-51/segments/1512948511435.4/wet/CC-MAIN-20171210235516-20171211015516-00102.warc.wet.gz",
			"-output", "s3://testoutput1234/1512948511435.4_00102",
			"-inputformat", "TextInputFormat"
		]
	},
	{
		"Name": "segment_1512948511435.4_file_00103",
		"ActionOnFailure": "CONTINUE",
		"Jar": "/usr/lib/hadoop-mapreduce/hadoop-streaming.jar",
		"Args": [
			"-files", "s3://mapperreducerscripts1/Mapper.py,s3://mapperreducerscripts1/Reducer.py",
			"-mapper", "Mapper.py",
			"-reducer", "Reducer.py",
			"-input", "s3://commoncrawl/crawl-data/CC-MAIN-2017-51/segments/1512948511435.4/wet/CC-MAIN-20171210235516-20171211015516-00103.warc.wet.gz",
			"-output", "s3://testoutput1234/1512948511435.4_00103",
			"-inputformat", "TextInputFormat"
		]
	},
	{
		"Name": "segment_1512948511435.4_file_00104",
		"ActionOnFailure": "CONTINUE",
		"Jar": "/usr/lib/hadoop-mapreduce/hadoop-streaming.jar",
		"Args": [
			"-files", "s3://mapperreducerscripts1/Mapper.py,s3://mapperreducerscripts1/Reducer.py",
			"-mapper", "Mapper.py",
			"-reducer", "Reducer.py",
			"-input", "s3://commoncrawl/crawl-data/CC-MAIN-2017-51/segments/1512948511435.4/wet/CC-MAIN-20171210235516-20171211015516-00104.warc.wet.gz",
			"-output", "s3://testoutput1234/1512948511435.4_00104",
			"-inputformat", "TextInputFormat"
		]
	},
	{
		"Name": "segment_1512948511435.4_file_00105",
		"ActionOnFailure": "CONTINUE",
		"Jar": "/usr/lib/hadoop-mapreduce/hadoop-streaming.jar",
		"Args": [
			"-files", "s3://mapperreducerscripts1/Mapper.py,s3://mapperreducerscripts1/Reducer.py",
			"-mapper", "Mapper.py",
			"-reducer", "Reducer.py",
			"-input", "s3://commoncrawl/crawl-data/CC-MAIN-2017-51/segments/1512948511435.4/wet/CC-MAIN-20171210235516-20171211015516-00105.warc.wet.gz",
			"-output", "s3://testoutput1234/1512948511435.4_00105",
			"-inputformat", "TextInputFormat"
		]
	},
	{
		"Name": "segment_1512948511435.4_file_00106",
		"ActionOnFailure": "CONTINUE",
		"Jar": "/usr/lib/hadoop-mapreduce/hadoop-streaming.jar",
		"Args": [
			"-files", "s3://mapperreducerscripts1/Mapper.py,s3://mapperreducerscripts1/Reducer.py",
			"-mapper", "Mapper.py",
			"-reducer", "Reducer.py",
			"-input", "s3://commoncrawl/crawl-data/CC-MAIN-2017-51/segments/1512948511435.4/wet/CC-MAIN-20171210235516-20171211015516-00106.warc.wet.gz",
			"-output", "s3://testoutput1234/1512948511435.4_00106",
			"-inputformat", "TextInputFormat"
		]
	},
	{
		"Name": "segment_1512948511435.4_file_00107",
		"ActionOnFailure": "CONTINUE",
		"Jar": "/usr/lib/hadoop-mapreduce/hadoop-streaming.jar",
		"Args": [
			"-files", "s3://mapperreducerscripts1/Mapper.py,s3://mapperreducerscripts1/Reducer.py",
			"-mapper", "Mapper.py",
			"-reducer", "Reducer.py",
			"-input", "s3://commoncrawl/crawl-data/CC-MAIN-2017-51/segments/1512948511435.4/wet/CC-MAIN-20171210235516-20171211015516-00107.warc.wet.gz",
			"-output", "s3://testoutput1234/1512948511435.4_00107",
			"-inputformat", "TextInputFormat"
		]
	},
	{
		"Name": "segment_1512948511435.4_file_00108",
		"ActionOnFailure": "CONTINUE",
		"Jar": "/usr/lib/hadoop-mapreduce/hadoop-streaming.jar",
		"Args": [
			"-files", "s3://mapperreducerscripts1/Mapper.py,s3://mapperreducerscripts1/Reducer.py",
			"-mapper", "Mapper.py",
			"-reducer", "Reducer.py",
			"-input", "s3://commoncrawl/crawl-data/CC-MAIN-2017-51/segments/1512948511435.4/wet/CC-MAIN-20171210235516-20171211015516-00108.warc.wet.gz",
			"-output", "s3://testoutput1234/1512948511435.4_00108",
			"-inputformat", "TextInputFormat"
		]
	},
	{
		"Name": "segment_1512948511435.4_file_00109",
		"ActionOnFailure": "CONTINUE",
		"Jar": "/usr/lib/hadoop-mapreduce/hadoop-streaming.jar",
		"Args": [
			"-files", "s3://mapperreducerscripts1/Mapper.py,s3://mapperreducerscripts1/Reducer.py",
			"-mapper", "Mapper.py",
			"-reducer", "Reducer.py",
			"-input", "s3://commoncrawl/crawl-data/CC-MAIN-2017-51/segments/1512948511435.4/wet/CC-MAIN-20171210235516-20171211015516-00109.warc.wet.gz",
			"-output", "s3://testoutput1234/1512948511435.4_00109",
			"-inputformat", "TextInputFormat"
		]
	},
	{
		"Name": "segment_1512948511435.4_file_00110",
		"ActionOnFailure": "CONTINUE",
		"Jar": "/usr/lib/hadoop-mapreduce/hadoop-streaming.jar",
		"Args": [
			"-files", "s3://mapperreducerscripts1/Mapper.py,s3://mapperreducerscripts1/Reducer.py",
			"-mapper", "Mapper.py",
			"-reducer", "Reducer.py",
			"-input", "s3://commoncrawl/crawl-data/CC-MAIN-2017-51/segments/1512948511435.4/wet/CC-MAIN-20171210235516-20171211015516-00110.warc.wet.gz",
			"-output", "s3://testoutput1234/1512948511435.4_00110",
			"-inputformat", "TextInputFormat"
		]
	},
	{
		"Name": "segment_1512948511435.4_file_00111",
		"ActionOnFailure": "CONTINUE",
		"Jar": "/usr/lib/hadoop-mapreduce/hadoop-streaming.jar",
		"Args": [
			"-files", "s3://mapperreducerscripts1/Mapper.py,s3://mapperreducerscripts1/Reducer.py",
			"-mapper", "Mapper.py",
			"-reducer", "Reducer.py",
			"-input", "s3://commoncrawl/crawl-data/CC-MAIN-2017-51/segments/1512948511435.4/wet/CC-MAIN-20171210235516-20171211015516-00111.warc.wet.gz",
			"-output", "s3://testoutput1234/1512948511435.4_00111",
			"-inputformat", "TextInputFormat"
		]
	},
	{
		"Name": "segment_1512948511435.4_file_00112",
		"ActionOnFailure": "CONTINUE",
		"Jar": "/usr/lib/hadoop-mapreduce/hadoop-streaming.jar",
		"Args": [
			"-files", "s3://mapperreducerscripts1/Mapper.py,s3://mapperreducerscripts1/Reducer.py",
			"-mapper", "Mapper.py",
			"-reducer", "Reducer.py",
			"-input", "s3://commoncrawl/crawl-data/CC-MAIN-2017-51/segments/1512948511435.4/wet/CC-MAIN-20171210235516-20171211015516-00112.warc.wet.gz",
			"-output", "s3://testoutput1234/1512948511435.4_00112",
			"-inputformat", "TextInputFormat"
		]
	},
	{
		"Name": "segment_1512948511435.4_file_00113",
		"ActionOnFailure": "CONTINUE",
		"Jar": "/usr/lib/hadoop-mapreduce/hadoop-streaming.jar",
		"Args": [
			"-files", "s3://mapperreducerscripts1/Mapper.py,s3://mapperreducerscripts1/Reducer.py",
			"-mapper", "Mapper.py",
			"-reducer", "Reducer.py",
			"-input", "s3://commoncrawl/crawl-data/CC-MAIN-2017-51/segments/1512948511435.4/wet/CC-MAIN-20171210235516-20171211015516-00113.warc.wet.gz",
			"-output", "s3://testoutput1234/1512948511435.4_00113",
			"-inputformat", "TextInputFormat"
		]
	},
	{
		"Name": "segment_1512948511435.4_file_00114",
		"ActionOnFailure": "CONTINUE",
		"Jar": "/usr/lib/hadoop-mapreduce/hadoop-streaming.jar",
		"Args": [
			"-files", "s3://mapperreducerscripts1/Mapper.py,s3://mapperreducerscripts1/Reducer.py",
			"-mapper", "Mapper.py",
			"-reducer", "Reducer.py",
			"-input", "s3://commoncrawl/crawl-data/CC-MAIN-2017-51/segments/1512948511435.4/wet/CC-MAIN-20171210235516-20171211015516-00114.warc.wet.gz",
			"-output", "s3://testoutput1234/1512948511435.4_00114",
			"-inputformat", "TextInputFormat"
		]
	},
	{
		"Name": "segment_1512948511435.4_file_00115",
		"ActionOnFailure": "CONTINUE",
		"Jar": "/usr/lib/hadoop-mapreduce/hadoop-streaming.jar",
		"Args": [
			"-files", "s3://mapperreducerscripts1/Mapper.py,s3://mapperreducerscripts1/Reducer.py",
			"-mapper", "Mapper.py",
			"-reducer", "Reducer.py",
			"-input", "s3://commoncrawl/crawl-data/CC-MAIN-2017-51/segments/1512948511435.4/wet/CC-MAIN-20171210235516-20171211015516-00115.warc.wet.gz",
			"-output", "s3://testoutput1234/1512948511435.4_00115",
			"-inputformat", "TextInputFormat"
		]
	},
	{
		"Name": "segment_1512948511435.4_file_00116",
		"ActionOnFailure": "CONTINUE",
		"Jar": "/usr/lib/hadoop-mapreduce/hadoop-streaming.jar",
		"Args": [
			"-files", "s3://mapperreducerscripts1/Mapper.py,s3://mapperreducerscripts1/Reducer.py",
			"-mapper", "Mapper.py",
			"-reducer", "Reducer.py",
			"-input", "s3://commoncrawl/crawl-data/CC-MAIN-2017-51/segments/1512948511435.4/wet/CC-MAIN-20171210235516-20171211015516-00116.warc.wet.gz",
			"-output", "s3://testoutput1234/1512948511435.4_00116",
			"-inputformat", "TextInputFormat"
		]
	},
	{
		"Name": "segment_1512948511435.4_file_00117",
		"ActionOnFailure": "CONTINUE",
		"Jar": "/usr/lib/hadoop-mapreduce/hadoop-streaming.jar",
		"Args": [
			"-files", "s3://mapperreducerscripts1/Mapper.py,s3://mapperreducerscripts1/Reducer.py",
			"-mapper", "Mapper.py",
			"-reducer", "Reducer.py",
			"-input", "s3://commoncrawl/crawl-data/CC-MAIN-2017-51/segments/1512948511435.4/wet/CC-MAIN-20171210235516-20171211015516-00117.warc.wet.gz",
			"-output", "s3://testoutput1234/1512948511435.4_00117",
			"-inputformat", "TextInputFormat"
		]
	},
	{
		"Name": "segment_1512948511435.4_file_00118",
		"ActionOnFailure": "CONTINUE",
		"Jar": "/usr/lib/hadoop-mapreduce/hadoop-streaming.jar",
		"Args": [
			"-files", "s3://mapperreducerscripts1/Mapper.py,s3://mapperreducerscripts1/Reducer.py",
			"-mapper", "Mapper.py",
			"-reducer", "Reducer.py",
			"-input", "s3://commoncrawl/crawl-data/CC-MAIN-2017-51/segments/1512948511435.4/wet/CC-MAIN-20171210235516-20171211015516-00118.warc.wet.gz",
			"-output", "s3://testoutput1234/1512948511435.4_00118",
			"-inputformat", "TextInputFormat"
		]
	},
	{
		"Name": "segment_1512948511435.4_file_00119",
		"ActionOnFailure": "CONTINUE",
		"Jar": "/usr/lib/hadoop-mapreduce/hadoop-streaming.jar",
		"Args": [
			"-files", "s3://mapperreducerscripts1/Mapper.py,s3://mapperreducerscripts1/Reducer.py",
			"-mapper", "Mapper.py",
			"-reducer", "Reducer.py",
			"-input", "s3://commoncrawl/crawl-data/CC-MAIN-2017-51/segments/1512948511435.4/wet/CC-MAIN-20171210235516-20171211015516-00119.warc.wet.gz",
			"-output", "s3://testoutput1234/1512948511435.4_00119",
			"-inputformat", "TextInputFormat"
		]
	},
	{
		"Name": "segment_1512948511435.4_file_00120",
		"ActionOnFailure": "CONTINUE",
		"Jar": "/usr/lib/hadoop-mapreduce/hadoop-streaming.jar",
		"Args": [
			"-files", "s3://mapperreducerscripts1/Mapper.py,s3://mapperreducerscripts1/Reducer.py",
			"-mapper", "Mapper.py",
			"-reducer", "Reducer.py",
			"-input", "s3://commoncrawl/crawl-data/CC-MAIN-2017-51/segments/1512948511435.4/wet/CC-MAIN-20171210235516-20171211015516-00120.warc.wet.gz",
			"-output", "s3://testoutput1234/1512948511435.4_00120",
			"-inputformat", "TextInputFormat"
		]
	},
	{
		"Name": "segment_1512948511435.4_file_00121",
		"ActionOnFailure": "CONTINUE",
		"Jar": "/usr/lib/hadoop-mapreduce/hadoop-streaming.jar",
		"Args": [
			"-files", "s3://mapperreducerscripts1/Mapper.py,s3://mapperreducerscripts1/Reducer.py",
			"-mapper", "Mapper.py",
			"-reducer", "Reducer.py",
			"-input", "s3://commoncrawl/crawl-data/CC-MAIN-2017-51/segments/1512948511435.4/wet/CC-MAIN-20171210235516-20171211015516-00121.warc.wet.gz",
			"-output", "s3://testoutput1234/1512948511435.4_00121",
			"-inputformat", "TextInputFormat"
		]
	},
	{
		"Name": "segment_1512948511435.4_file_00122",
		"ActionOnFailure": "CONTINUE",
		"Jar": "/usr/lib/hadoop-mapreduce/hadoop-streaming.jar",
		"Args": [
			"-files", "s3://mapperreducerscripts1/Mapper.py,s3://mapperreducerscripts1/Reducer.py",
			"-mapper", "Mapper.py",
			"-reducer", "Reducer.py",
			"-input", "s3://commoncrawl/crawl-data/CC-MAIN-2017-51/segments/1512948511435.4/wet/CC-MAIN-20171210235516-20171211015516-00122.warc.wet.gz",
			"-output", "s3://testoutput1234/1512948511435.4_00122",
			"-inputformat", "TextInputFormat"
		]
	},
	{
		"Name": "segment_1512948511435.4_file_00123",
		"ActionOnFailure": "CONTINUE",
		"Jar": "/usr/lib/hadoop-mapreduce/hadoop-streaming.jar",
		"Args": [
			"-files", "s3://mapperreducerscripts1/Mapper.py,s3://mapperreducerscripts1/Reducer.py",
			"-mapper", "Mapper.py",
			"-reducer", "Reducer.py",
			"-input", "s3://commoncrawl/crawl-data/CC-MAIN-2017-51/segments/1512948511435.4/wet/CC-MAIN-20171210235516-20171211015516-00123.warc.wet.gz",
			"-output", "s3://testoutput1234/1512948511435.4_00123",
			"-inputformat", "TextInputFormat"
		]
	},
	{
		"Name": "segment_1512948511435.4_file_00124",
		"ActionOnFailure": "CONTINUE",
		"Jar": "/usr/lib/hadoop-mapreduce/hadoop-streaming.jar",
		"Args": [
			"-files", "s3://mapperreducerscripts1/Mapper.py,s3://mapperreducerscripts1/Reducer.py",
			"-mapper", "Mapper.py",
			"-reducer", "Reducer.py",
			"-input", "s3://commoncrawl/crawl-data/CC-MAIN-2017-51/segments/1512948511435.4/wet/CC-MAIN-20171210235516-20171211015516-00124.warc.wet.gz",
			"-output", "s3://testoutput1234/1512948511435.4_00124",
			"-inputformat", "TextInputFormat"
		]
	},
	{
		"Name": "segment_1512948511435.4_file_00125",
		"ActionOnFailure": "CONTINUE",
		"Jar": "/usr/lib/hadoop-mapreduce/hadoop-streaming.jar",
		"Args": [
			"-files", "s3://mapperreducerscripts1/Mapper.py,s3://mapperreducerscripts1/Reducer.py",
			"-mapper", "Mapper.py",
			"-reducer", "Reducer.py",
			"-input", "s3://commoncrawl/crawl-data/CC-MAIN-2017-51/segments/1512948511435.4/wet/CC-MAIN-20171210235516-20171211015516-00125.warc.wet.gz",
			"-output", "s3://testoutput1234/1512948511435.4_00125",
			"-inputformat", "TextInputFormat"
		]
	}
]